label,recording_id,frame_idx,x0,y0,z0,x1,y1,z1,x2,y2,z2,x3,y3,z3,x4,y4,z4,x5,y5,z5,x6,y6,z6,x7,y7,z7,x8,y8,z8,x9,y9,z9,x10,y10,z10,x11,y11,z11,x12,y12,z12,x13,y13,z13,x14,y14,z14,x15,y15,z15,x16,y16,z16,x17,y17,z17,x18,y18,z18,x19,y19,z19,x20,y20,z20
Question,20260726_153631_967707,0,0.2549580931663513,0.8286761045455933,1.3686452859928977e-07,0.3125855028629303,0.7871947884559631,0.011094227433204651,0.38399770855903625,0.7879128456115723,0.004329632967710495,0.43746691942214966,0.8081871271133423,-0.0053292796947062016,0.47413963079452515,0.8261547684669495,-0.013693025335669518,0.4109346866607666,0.732659637928009,-0.0225520022213459,0.48856478929519653,0.7113632559776306,-0.04642166569828987,0.5273920893669128,0.7351702451705933,-0.05944507196545601,0.5500548481941223,0.7619741559028625,-0.06508918851613998,0.39697909355163574,0.7597651481628418,-0.040287744253873825,0.4666202664375305,0.8337031602859497,-0.06860435009002686,0.44565093517303467,0.8484349846839905,-0.07035171240568161,0.41799718141555786,0.8353768587112427,-0.0642126202583313,0.37720566987991333,0.7990509271621704,-0.055985577404499054,0.42996102571487427,0.8821574449539185,-0.07417511194944382,0.4063730239868164,0.8840891122817993,-0.05906762555241585,0.3865622878074646,0.8657032251358032,-0.04369662329554558,0.3567540645599365,0.8408334255218506,-0.0706295445561409,0.39795544743537903,0.9024423956871033,-0.07254672795534134,0.3778003454208374,0.9007081389427185,-0.0530373677611351,0.36070939898490906,0.8842043280601501,-0.03678686544299126
Question,20260726_153631_967707,1,0.2505680322647095,0.8312487006187439,6.801389673682934e-08,0.3095085620880127,0.78949373960495,0.011479559354484081,0.38022321462631226,0.7797352075576782,0.0042404429987072945,0.42686668038368225,0.8003853559494019,-0.008431828580796719,0.4569193720817566,0.826543390750885,-0.020651839673519135,0.4127029478549957,0.7312667369842529,-0.013637254014611244,0.48789283633232117,0.7081857919692993,-0.03435485437512398,0.528129518032074,0.7310823798179626,-0.046388912945985794,0.5522325038909912,0.7570792436599731,-0.052762556821107864,0.3984244763851166,0.7582016587257385,-0.03248485177755356,0.4665999412536621,0.8345764875411987,-0.05569245293736458,0.4422445595264435,0.8493926525115967,-0.05749114602804184,0.41826507449150085,0.8328813314437866,-0.0549171008169651,0.37884271144866943,0.7981677651405334,-0.050125665962696075,0.43039873242378235,0.884272575378418,-0.06208570674061775,0.40612471103668213,0.884946882724762,-0.04900527372956276,0.38840797543525696,0.8622452616691589,-0.039013516157865524,0.35649898648262024,0.841564953327179,-0.06771646440029144,0.39709943532943726,0.9043128490447998,-0.06420060247182846,0.3771521747112274,0.9046523571014404,-0.04612094908952713,0.36151036620140076,0.8838098645210266,-0.03300420567393303
Question,20260726_153631_967707,2,0.2480437010526657,0.8274064660072327,4.4340467297843134e-08,0.30489420890808105,0.7760480046272278,0.022893592715263367,0.37096208333969116,0.7616701126098633,0.016981026157736778,0.41827651858329773,0.7845594882965088,0.0037862141616642475,0.4451112151145935,0.8176860213279724,-0.009794213809072971,0.4066976308822632,0.7098753452301025,-0.013533186167478561,0.482708215713501,0.6851153373718262,-0.03346835821866989,0.5239121913909912,0.7178060412406921,-0.0434950552880764,0.5442219972610474,0.7539230585098267,-0.04772108420729637,0.3947793245315552,0.7383529543876648,-0.03704628720879555,0.4673069715499878,0.8168451189994812,-0.05718540772795677,0.4423435926437378,0.8390957713127136,-0.05457871034741402,0.4154227077960968,0.826905369758606,-0.04906991124153137,0.37742456793785095,0.7823567390441895,-0.05802016705274582,0.4307066798210144,0.8695993423461914,-0.06635470688343048,0.405240923166275,0.8730896711349487,-0.05118569731712341,0.384682834148407,0.8523004651069641,-0.04037165641784668,0.357801616191864,0.8304141163825989,-0.07773363590240479,0.3976691663265228,0.8921793103218079,-0.0700998604297638,0.3761516213417053,0.8921142220497131,-0.05023326724767685,0.35914620757102966,0.8718056082725525,-0.0363483689725399
Question,20260726_153631_967707,3,0.2479165941476822,0.8279104232788086,3.363981804227478e-08,0.3089168667793274,0.7809921503067017,0.019885484129190445,0.374874085187912,0.766465425491333,0.012190072797238827,0.4208718538284302,0.7843233346939087,-0.0025415888521820307,0.44771093130111694,0.8091326355934143,-0.017495963722467422,0.40845221281051636,0.711996853351593,-0.017646806314587593,0.4802778959274292,0.688030481338501,-0.041676051914691925,0.5190929770469666,0.7189055681228638,-0.0559425875544548,0.538952112197876,0.752942681312561,-0.06280145794153214,0.3919910788536072,0.7396185994148254,-0.04061258211731911,0.4628135859966278,0.8222226500511169,-0.06274599581956863,0.4396953880786896,0.8394712209701538,-0.06206963211297989,0.41375672817230225,0.8215164542198181,-0.058468613773584366,0.3705943524837494,0.780866801738739,-0.06134207919239998,0.42449548840522766,0.8741573691368103,-0.07243288308382034,0.3998052775859833,0.874869704246521,-0.05876779556274414,0.3796841502189636,0.851405143737793,-0.048785313963890076,0.34807559847831726,0.825775146484375,-0.0810842514038086,0.38971978425979614,0.8951827883720398,-0.07571327686309814,0.36927172541618347,0.8948922753334045,-0.05619572103023529,0.3515765368938446,0.8735129833221436,-0.042213521897792816
Question,20260726_153631_967707,4,0.24782872200012207,0.8267592191696167,5.4921841297073115e-08,0.30782073736190796,0.7786396145820618,0.019442260265350342,0.37359753251075745,0.7634625434875488,0.011869248934090137,0.41955241560935974,0.7807581424713135,-0.0025463614147156477,0.4476568102836609,0.8052778244018555,-0.0171870868653059,0.4075593948364258,0.7118034362792969,-0.017675284296274185,0.47979503870010376,0.6895992755889893,-0.041399553418159485,0.5194596648216248,0.7196962237358093,-0.05522995814681053,0.5395376086235046,0.7529679536819458,-0.06172323599457741,0.391588032245636,0.7400411367416382,-0.04015608876943588,0.4637364149093628,0.8226444125175476,-0.062076061964035034,0.4409351944923401,0.8397597074508667,-0.06138991564512253,0.41463199257850647,0.8219732642173767,-0.057603053748607635,0.37064462900161743,0.7818048596382141,-0.06039949133992195,0.42494603991508484,0.873418927192688,-0.07126808166503906,0.40021198987960815,0.8739935755729675,-0.05789690837264061,0.37984544038772583,0.8506217002868652,-0.04800824820995331,0.34857669472694397,0.8270060420036316,-0.079632468521595,0.3892775774002075,0.8948450684547424,-0.07416148483753204,0.36883628368377686,0.8947175741195679,-0.05501379817724228,0.3514867424964905,0.8734623193740845,-0.04123391956090927
Question,20260726_153631_967707,5,0.24630682170391083,0.8270451426506042,6.1201368417584945e-09,0.30531570315361023,0.7781012058258057,0.01749671995639801,0.37247151136398315,0.764962375164032,0.011102370917797089,0.4187193214893341,0.7862275838851929,-0.0016950356075540185,0.4485199749469757,0.8153506517410278,-0.014561730436980724,0.40558287501335144,0.7211799025535583,-0.015957575291395187,0.4766037166118622,0.6948291659355164,-0.037480007857084274,0.5140920281410217,0.721120297908783,-0.04935572296380997,0.5326124429702759,0.75221848487854,-0.05457505211234093,0.39119434356689453,0.7515465617179871,-0.03688225522637367,0.4624667167663574,0.8300542831420898,-0.0571751743555069,0.43957796692848206,0.8473814129829407,-0.056014131754636765,0.41380196809768677,0.8315900564193726,-0.052056752145290375,0.3711565434932709,0.7945162057876587,-0.05583789199590683,0.4250924587249756,0.882036566734314,-0.0664195865392685,0.4002947509288788,0.8824785351753235,-0.05352639779448509,0.3800245225429535,0.8602215051651001,-0.04387466236948967,0.34905052185058594,0.839798092842102,-0.0738794207572937,0.3920065462589264,0.9052844047546387,-0.06859759986400604,0.37182343006134033,0.9040025472640991,-0.04985871538519859,0.3534500300884247,0.8826385736465454,-0.036400411278009415
Question,20260726_153631_967707,6,0.24668800830841064,0.8288966417312622,2.8138751773099102e-08,0.3066341280937195,0.7829271554946899,0.018421513959765434,0.3726222515106201,0.7712738513946533,0.012187966145575047,0.4178153872489929,0.7924301624298096,-0.00040646360139362514,0.4449242055416107,0.8185616731643677,-0.013133348897099495,0.40565457940101624,0.7252208590507507,-0.016312608495354652,0.47696638107299805,0.7066417932510376,-0.04025682061910629,0.5176366567611694,0.7345823049545288,-0.054881177842617035,0.5388437509536743,0.7658464908599854,-0.06168541684746742,0.39092880487442017,0.7546421885490417,-0.037335947155952454,0.46024030447006226,0.8339929580688477,-0.0591585598886013,0.4373660981655121,0.8496317863464355,-0.05885715037584305,0.41214269399642944,0.8324958086013794,-0.05515681579709053,0.37127184867858887,0.79733806848526,-0.056408241391181946,0.42619702219963074,0.8827382922172546,-0.06862431764602661,0.4018765687942505,0.881600558757782,-0.05587301403284073,0.38136714696884155,0.8581925630569458,-0.04563594609498978,0.34989282488822937,0.8434297442436218,-0.0743722915649414,0.39498165249824524,0.9060243368148804,-0.06995349377393723,0.37587058544158936,0.9025877714157104,-0.05106915161013603,0.3570767045021057,0.8793371915817261,-0.037188950926065445
Question,20260726_153631_967707,7,0.24703842401504517,0.8298991322517395,3.357081723720512e-08,0.3062923550605774,0.7830501794815063,0.021997012197971344,0.37134742736816406,0.7708841562271118,0.015762221068143845,0.41701340675354004,0.7909220457077026,0.0027018727269023657,0.4448320269584656,0.8163154125213623,-0.010926000773906708,0.40510860085487366,0.7269060015678406,-0.017595484852790833,0.4765678346157074,0.7074745297431946,-0.04150896146893501,0.5196828246116638,0.7326600551605225,-0.05533112585544586,0.5437632203102112,0.7617724537849426,-0.061567213386297226,0.3914051651954651,0.7547327280044556,-0.04017684981226921,0.46013113856315613,0.8363764882087708,-0.06066663935780525,0.4370473325252533,0.8537324666976929,-0.0579647570848465,0.4121517539024353,0.8376752734184265,-0.053010184317827225,0.37201979756355286,0.7968546152114868,-0.06033368036150932,0.42580074071884155,0.8835363388061523,-0.07141194492578506,0.40182560682296753,0.8835724592208862,-0.057023804634809494,0.38161367177963257,0.8610023856163025,-0.04629623889923096,0.3510759472846985,0.8425215482711792,-0.07898741215467453,0.39407411217689514,0.9059907793998718,-0.07359089702367783,0.37412315607070923,0.9030818939208984,-0.05378039926290512,0.35544103384017944,0.879724383354187,-0.039673756808042526
Question,20260726_153631_967707,8,0.24392493069171906,0.835648238658905,2.6933092200920328e-08,0.3028920292854309,0.787565290927887,0.025071734562516212,0.3680890202522278,0.7764568328857422,0.019020790234208107,0.41441580653190613,0.7961660623550415,0.005595082882791758,0.44358158111572266,0.8207552433013916,-0.008484235033392906,0.4031786322593689,0.7279237508773804,-0.01668885163962841,0.47451937198638916,0.7074710726737976,-0.03981832414865494,0.5189639329910278,0.7323192358016968,-0.05285152792930603,0.5434229373931885,0.7616473436355591,-0.05846527963876724,0.39002135396003723,0.7552434206008911,-0.04073110967874527,0.4575544595718384,0.8363462686538696,-0.05910222604870796,0.4349021911621094,0.8549808263778687,-0.05453800410032272,0.4097011387348175,0.8406178951263428,-0.04899674654006958,0.3701561987400055,0.7967514991760254,-0.0621015839278698,0.42472556233406067,0.8840893507003784,-0.0716906264424324,0.4005747437477112,0.8855292201042175,-0.05588459223508835,0.3795715868473053,0.8644201159477234,-0.04495498165488243,0.3484978973865509,0.8421661257743835,-0.0817100778222084,0.39161738753318787,0.9070671796798706,-0.07509568333625793,0.37166136503219604,0.9052585959434509,-0.054260674864053726,0.35252195596694946,0.8829787373542786,-0.039920106530189514
Question,20260726_153631_967707,9,0.24095383286476135,0.8334780335426331,3.582080054798098e-08,0.29887470602989197,0.7844741940498352,0.021004771813750267,0.36576855182647705,0.7706387042999268,0.015231437981128693,0.41325220465660095,0.7905913591384888,0.002816583262756467,0.443780779838562,0.818122386932373,-0.010006685741245747,0.40106022357940674,0.725746750831604,-0.015550960786640644,0.47289082407951355,0.7037137746810913,-0.03919074311852455,0.5153012871742249,0.7303030490875244,-0.0535232238471508,0.5382981896400452,0.7610554099082947,-0.0602114237844944,0.38740646839141846,0.7544001936912537,-0.037666767835617065,0.4576777219772339,0.8354559540748596,-0.058604877442121506,0.4349156320095062,0.8550743460655212,-0.05702793970704079,0.40837377309799194,0.8405694961547852,-0.05271114781498909,0.36791276931762695,0.7964437007904053,-0.05758941173553467,0.4241970479488373,0.883857011795044,-0.06864818930625916,0.39991846680641174,0.8869616985321045,-0.05458366498351097,0.3787109851837158,0.8659542798995972,-0.04409928619861603,0.3466776907444,0.8418565988540649,-0.07619956135749817,0.3901769816875458,0.9062944650650024,-0.07084449380636215,0.3692251145839691,0.9057987332344055,-0.05116412416100502,0.3503943383693695,0.8835286498069763,-0.03709213808178902
Question,20260726_153631_967707,10,0.2405879944562912,0.8330578804016113,4.587358048979695e-08,0.29920336604118347,0.782215416431427,0.02000878006219864,0.366669625043869,0.7674471139907837,0.013775167986750603,0.41428449749946594,0.7865411639213562,0.0013925632229074836,0.4452742338180542,0.8137207627296448,-0.011303802952170372,0.4019697308540344,0.724594235420227,-0.01875998266041279,0.47385552525520325,0.7038057446479797,-0.04265192523598671,0.5160162448883057,0.7316858172416687,-0.0566585436463356,0.5383793115615845,0.7629478573799133,-0.06318476051092148,0.38789886236190796,0.7546053528785706,-0.04044913500547409,0.46005797386169434,0.8344519734382629,-0.06156963109970093,0.4371374845504761,0.8548880219459534,-0.05940276011824608,0.4100700914859772,0.8405475616455078,-0.05485168471932411,0.36798644065856934,0.7978699207305908,-0.05986452475190163,0.42555224895477295,0.884058952331543,-0.07082153856754303,0.4017805755138397,0.8873798847198486,-0.05604119598865509,0.3802430033683777,0.8661274313926697,-0.04530287906527519,0.3460446000099182,0.8439359068870544,-0.07804375141859055,0.39102762937545776,0.9083905816078186,-0.07282675057649612,0.3709765672683716,0.9076382517814636,-0.053015321493148804,0.35186076164245605,0.884522020816803,-0.03898388892412186
Question,20260726_153631_967707,11,0.24328404664993286,0.8358660340309143,4.621722027309261e-08,0.30117613077163696,0.78700190782547,0.018532080575823784,0.36782750487327576,0.7733180522918701,0.010806106962263584,0.4157537817955017,0.7934335470199585,-0.0029257158748805523,0.4472011923789978,0.8218163847923279,-0.01698024943470955,0.40054988861083984,0.7258155941963196,-0.02063232660293579,0.47201380133628845,0.7043731212615967,-0.04430973529815674,0.5146024823188782,0.7276603579521179,-0.05784302577376366,0.5391117930412292,0.7538297176361084,-0.06441231071949005,0.3865652084350586,0.7531999945640564,-0.04233542084693909,0.45867303013801575,0.8348419070243835,-0.06496229022741318,0.43509113788604736,0.855354368686676,-0.0630236342549324,0.4081801176071167,0.8403217792510986,-0.05840129777789116,0.36661332845687866,0.7950229644775391,-0.06180233508348465,0.42323338985443115,0.8845593929290771,-0.07472071051597595,0.39784765243530273,0.886480450630188,-0.060441065579652786,0.37642407417297363,0.863274097442627,-0.049697212874889374,0.3449450731277466,0.8406364321708679,-0.0800374448299408,0.3893061578273773,0.9077050685882568,-0.07658825814723969,0.36860135197639465,0.9067466855049133,-0.0576138012111187,0.3492101728916168,0.8830162286758423,-0.04408843442797661
Question,20260726_153631_967707,12,0.24281908571720123,0.8391132950782776,9.21914455886963e-09,0.30165696144104004,0.7907187938690186,0.016050316393375397,0.3690918982028961,0.7798963189125061,0.008839205838739872,0.4150724709033966,0.8030776977539062,-0.004036921542137861,0.4447704553604126,0.8307380676269531,-0.01703210547566414,0.3999699056148529,0.7358468174934387,-0.019534626975655556,0.4729499816894531,0.7141355276107788,-0.04122225567698479,0.5110629796981812,0.7395966649055481,-0.052644193172454834,0.5285815000534058,0.7687097191810608,-0.05748254805803299,0.38483163714408875,0.7678357362747192,-0.03965695574879646,0.45558860898017883,0.8459559679031372,-0.06074843555688858,0.431730180978775,0.8570274114608765,-0.05897274985909462,0.40507298707962036,0.8356200456619263,-0.0545022077858448,0.36413007974624634,0.8112533092498779,-0.057769063860177994,0.4182727038860321,0.8916497826576233,-0.06928760558366776,0.39367803931236267,0.8875373601913452,-0.055905070155858994,0.3732540011405945,0.8617942929267883,-0.045852191746234894,0.34126269817352295,0.854855477809906,-0.07487070560455322,0.3839636445045471,0.9108854532241821,-0.07070554792881012,0.36455094814300537,0.9067403078079224,-0.0520951934158802,0.34640514850616455,0.882898211479187,-0.03869200125336647
Question,20260726_153631_967707,13,0.2423015683889389,0.8407041430473328,4.879707660165877e-08,0.3007849454879761,0.7923980951309204,0.016103023663163185,0.36805593967437744,0.7782801389694214,0.008753892965614796,0.4140947759151459,0.7974995374679565,-0.004025223199278116,0.4441036880016327,0.8264591097831726,-0.016844986006617546,0.39845263957977295,0.7367895245552063,-0.021547725424170494,0.4716512858867645,0.7170667052268982,-0.04520343616604805,0.5116907954216003,0.7437402606010437,-0.05785854160785675,0.533062756061554,0.7741745710372925,-0.06349711120128632,0.38409990072250366,0.7676681876182556,-0.04183989763259888,0.4585828483104706,0.8438034057617188,-0.06537032127380371,0.4346921443939209,0.8578625321388245,-0.06373744457960129,0.40761253237724304,0.8401408195495605,-0.05847087875008583,0.36438459157943726,0.8108430504798889,-0.06006171181797981,0.4205337166786194,0.8909243941307068,-0.07285922020673752,0.3960801362991333,0.8885553479194641,-0.05857294797897339,0.3750305473804474,0.8643797636032104,-0.04717792198061943,0.3421314060688019,0.85582035779953,-0.07727739959955215,0.38705557584762573,0.9129055738449097,-0.07360760122537613,0.3681986927986145,0.9095287322998047,-0.054652657359838486,0.3497749865055084,0.8857378363609314,-0.04071883112192154
Question,20260726_153631_967707,14,0.23464511334896088,0.8454700112342834,7.100620980082795e-09,0.2962300777435303,0.7974861264228821,0.014444112777709961,0.3655838966369629,0.7896498441696167,0.0053870840929448605,0.4123881459236145,0.8168414235115051,-0.008579100482165813,0.44354891777038574,0.8478617072105408,-0.022643011063337326,0.39446762204170227,0.7458851337432861,-0.02631695754826069,0.4687945246696472,0.7306424379348755,-0.049275025725364685,0.5067241787910461,0.7617815732955933,-0.061242520809173584,0.5237982869148254,0.7935419082641602,-0.06665875017642975,0.3776036500930786,0.7843124866485596,-0.04710075259208679,0.4522431790828705,0.8596665263175964,-0.06867458671331406,0.4291725158691406,0.8694681525230408,-0.0657474473118782,0.401686429977417,0.846694827079773,-0.06127620115876198,0.35582852363586426,0.8323096036911011,-0.06579838693141937,0.4165964424610138,0.9062172770500183,-0.0772990882396698,0.3922697901725769,0.903485119342804,-0.060772355645895004,0.3707716763019562,0.8796340823173523,-0.04923958703875542,0.332040399312973,0.8805306553840637,-0.08373083174228668,0.3838343322277069,0.9311429262161255,-0.07946798205375671,0.36550113558769226,0.9264644980430603,-0.05844154581427574,0.34596529603004456,0.9035141468048096,-0.04395965486764908
Question,20260726_153631_967707,15,0.2227438986301422,0.8474175930023193,4.809944798012111e-08,0.2850385904312134,0.8034075498580933,0.009482495486736298,0.3572424650192261,0.7948724031448364,-0.0015018228441476822,0.40615373849868774,0.8235839009284973,-0.016394782811403275,0.43600496649742126,0.8629895448684692,-0.03142332658171654,0.3838019371032715,0.7574459910392761,-0.030450278893113136,0.45898133516311646,0.7435587048530579,-0.055085476487874985,0.5006524324417114,0.7710162997245789,-0.06891141086816788,0.5239119529724121,0.7983758449554443,-0.0763343870639801,0.36755600571632385,0.7985289692878723,-0.050010308623313904,0.4458240866661072,0.8720369338989258,-0.07631231844425201,0.4227510988712311,0.8830716013908386,-0.07615092396736145,0.39334815740585327,0.8618646860122681,-0.07225637137889862,0.3459506332874298,0.849674642086029,-0.06755748391151428,0.4078112840652466,0.9200133085250854,-0.08230224996805191,0.3832854628562927,0.9177271723747253,-0.06555110961198807,0.35953035950660706,0.8941395282745361,-0.05255516618490219,0.32095202803611755,0.9014409184455872,-0.0848793014883995,0.37442895770072937,0.9485369920730591,-0.08332677185535431,0.35471659898757935,0.9432275891304016,-0.062407236546278,0.333534300327301,0.9209336638450623,-0.04729551821947098
Question,20260726_153631_967707,16,0.22528548538684845,0.850953996181488,9.918316834500729e-08,0.285873681306839,0.807317316532135,0.009582343511283398,0.3599294424057007,0.8019679188728333,-0.001124343485571444,0.4109705686569214,0.8310457468032837,-0.01519505400210619,0.44146591424942017,0.8681403994560242,-0.029084064066410065,0.3834409713745117,0.7598727941513062,-0.030746953561902046,0.4570123553276062,0.7424681782722473,-0.05235040932893753,0.5003595948219299,0.7653300762176514,-0.061586447060108185,0.5247014164924622,0.790215790271759,-0.06552895158529282,0.3674834072589874,0.8007748126983643,-0.04918956756591797,0.4456380009651184,0.8757337927818298,-0.0743461474776268,0.4214777648448944,0.8873196840286255,-0.07138197124004364,0.39250871539115906,0.8664917945861816,-0.06456196308135986,0.34549692273139954,0.851176917552948,-0.06536781787872314,0.40709149837493896,0.92058926820755,-0.08093027025461197,0.3828412890434265,0.9191534519195557,-0.06336800009012222,0.36022672057151794,0.8963500261306763,-0.04873907193541527,0.31998592615127563,0.900693416595459,-0.0807173103094101,0.37485018372535706,0.947032630443573,-0.07943478971719742,0.3569818139076233,0.9441388845443726,-0.057922959327697754,0.33735811710357666,0.924057126045227,-0.04193553701043129
Question,20260726_153631_967707,17,0.2266402542591095,0.8514501452445984,1.1789890663749247e-07,0.2863510251045227,0.8068040013313293,0.00884946808218956,0.36033427715301514,0.8008355498313904,-0.0016013745917007327,0.4113309383392334,0.829103410243988,-0.015187660232186317,0.44183582067489624,0.8655919432640076,-0.028548361733555794,0.3832647502422333,0.7594075798988342,-0.03036646731197834,0.45743823051452637,0.7428368330001831,-0.052408963441848755,0.5015272498130798,0.7678558826446533,-0.06258101016283035,0.5263786315917969,0.7947673201560974,-0.06710518896579742,0.36718374490737915,0.8010662198066711,-0.048064641654491425,0.44636380672454834,0.8748247027397156,-0.07352345436811447,0.4226568043231964,0.8867712020874023,-0.07145584374666214,0.3933493196964264,0.8661441206932068,-0.06519631296396255,0.34560877084732056,0.8517748117446899,-0.06353549659252167,0.40803951025009155,0.9194599390029907,-0.0791378989815712,0.38388723134994507,0.9184547662734985,-0.061927516013383865,0.3609497547149658,0.8959414958953857,-0.04736899584531784,0.32066476345062256,0.9012932181358337,-0.07824788242578506,0.37653470039367676,0.9456543922424316,-0.07675044238567352,0.35871967673301697,0.9431446194648743,-0.05506739765405655,0.3389541506767273,0.923353374004364,-0.03882438316941261
Question,20260726_153631_967707,18,0.21785889565944672,0.8556945323944092,5.346702991460006e-08,0.28022998571395874,0.8111845850944519,0.002105733845382929,0.35802945494651794,0.8087860941886902,-0.010677988640964031,0.4115014672279358,0.8384906053543091,-0.025431226938962936,0.4364408850669861,0.875878632068634,-0.03966778516769409,0.37383928894996643,0.7753581404685974,-0.03591848909854889,0.4466969668865204,0.7574958205223083,-0.05784839391708374,0.48990386724472046,0.7722862958908081,-0.06858766824007034,0.5145159959793091,0.7905129194259644,-0.0744180679321289,0.3576144576072693,0.8245598077774048,-0.051656246185302734,0.43048304319381714,0.8944631814956665,-0.0783347561955452,0.408255934715271,0.896970808506012,-0.07756353169679642,0.3814080059528351,0.8720636963844299,-0.07281918078660965,0.33624663949012756,0.8796308040618896,-0.06553764641284943,0.398655503988266,0.9406558871269226,-0.08283451944589615,0.37531089782714844,0.9327571988105774,-0.06610756367444992,0.35190287232398987,0.9088473320007324,-0.05243140086531639,0.31195521354675293,0.9299644231796265,-0.07945781201124191,0.3679998219013214,0.9709523320198059,-0.08122589439153671,0.34658414125442505,0.9616948366165161,-0.06097550690174103,0.3230355679988861,0.9403607249259949,-0.04586979001760483
Question,20260726_153631_967707,19,0.2220318615436554,0.856489360332489,6.890117276725505e-08,0.28243833780288696,0.8115631341934204,0.0014501438708975911,0.3596389591693878,0.8084755539894104,-0.010606524534523487,0.4131149649620056,0.8361480832099915,-0.023425692692399025,0.4410373568534851,0.8724549412727356,-0.03544981777667999,0.3726576864719391,0.7761827707290649,-0.03877051919698715,0.4459717571735382,0.7582685351371765,-0.05972125753760338,0.487608402967453,0.7704230546951294,-0.06813985109329224,0.5122954249382019,0.7878187894821167,-0.07236586511135101,0.355703204870224,0.824225902557373,-0.05311109125614166,0.42631056904792786,0.8990323543548584,-0.08082591742277145,0.4005616307258606,0.9039672613143921,-0.07882591336965561,0.3723427653312683,0.8814958930015564,-0.07227341085672379,0.33337879180908203,0.8785620331764221,-0.06530030816793442,0.3960564136505127,0.9390636682510376,-0.0846012756228447,0.3722722828388214,0.9348853826522827,-0.06716395169496536,0.3488289415836334,0.9136235117912292,-0.05186901614069939,0.30985990166664124,0.9286319017410278,-0.07703946530818939,0.36667075753211975,0.9667866826057434,-0.08131778240203857,0.34594807028770447,0.9607836008071899,-0.061414238065481186,0.32385069131851196,0.9425745606422424,-0.0457063764333725
Question,20260726_153631_967707,20,0.20496636629104614,0.8690661191940308,2.4237419182782105e-08,0.26575276255607605,0.825533926486969,-0.0012426708126440644,0.34242603182792664,0.8234800696372986,-0.015236647799611092,0.39850887656211853,0.8535062074661255,-0.02940898947417736,0.4246620237827301,0.8955926299095154,-0.04334970936179161,0.3558789789676666,0.7979149222373962,-0.041871752589941025,0.4285813271999359,0.7757688164710999,-0.06445229798555374,0.472908616065979,0.7837219834327698,-0.07499358057975769,0.5003520250320435,0.7937255501747131,-0.08106931298971176,0.341892272233963,0.8529437780380249,-0.055858105421066284,0.41815581917762756,0.9121429920196533,-0.08640242367982864,0.3910534679889679,0.9175359606742859,-0.08581174165010452,0.35760512948036194,0.897584855556488,-0.07911023497581482,0.3210311233997345,0.911699116230011,-0.06775131076574326,0.38784581422805786,0.9597551226615906,-0.08918063342571259,0.3646527826786041,0.9553506970405579,-0.07196709513664246,0.3385325074195862,0.9364590644836426,-0.0560903362929821,0.2982340455055237,0.9650653600692749,-0.07933764904737473,0.355392187833786,0.9919257760047913,-0.08483245968818665,0.33401015400886536,0.984136164188385,-0.06428242474794388,0.3102784752845764,0.9684937000274658,-0.047983963042497635
Question,20260726_153631_967707,21,0.19390584528446198,0.8898181319236755,1.1824568701968019e-07,0.25141066312789917,0.8432198166847229,-0.005681190174072981,0.3319041430950165,0.83915776014328,-0.017835412174463272,0.39318495988845825,0.8663207292556763,-0.02871602401137352,0.4264058470726013,0.9074112772941589,-0.038428306579589844,0.3418748676776886,0.8152800798416138,-0.039658982306718826,0.4186195731163025,0.7912945747375488,-0.06585604697465897,0.46802443265914917,0.8085921406745911,-0.07903704792261124,0.4996867775917053,0.8320727348327637,-0.08557145297527313,0.3286115527153015,0.8688410520553589,-0.05105796828866005,0.41638222336769104,0.919479489326477,-0.0871817022562027,0.393100768327713,0.9284473657608032,-0.09151801466941833,0.3588113784790039,0.9128376841545105,-0.08522704988718033,0.30998051166534424,0.9255377054214478,-0.06087319180369377,0.3832942247390747,0.970893144607544,-0.08657670766115189,0.3597157597541809,0.9682244658470154,-0.07094694674015045,0.3330807089805603,0.9494138956069946,-0.05303039401769638,0.2888520658016205,0.9771661162376404,-0.07074447721242905,0.3519502878189087,1.0055420398712158,-0.07923709601163864,0.3312019109725952,0.9980396628379822,-0.059836097061634064,0.30722126364707947,0.9803892374038696,-0.04248692840337753
Question,20260726_153631_967707,22,0.19768700003623962,0.8875941038131714,1.772081503759182e-07,0.25494539737701416,0.8397451043128967,-0.0040128715336322784,0.33353346586227417,0.8375047445297241,-0.018252870067954063,0.3954313099384308,0.8666859269142151,-0.030978495255112648,0.4264247715473175,0.9051167368888855,-0.04301322624087334,0.343864381313324,0.8129523992538452,-0.048957061022520065,0.4239131808280945,0.7880582213401794,-0.0789274275302887,0.4730299711227417,0.8085237741470337,-0.09372616559267044,0.5043777823448181,0.833534836769104,-0.10101419687271118,0.33047986030578613,0.8679661154747009,-0.06287267804145813,0.42041659355163574,0.9194543957710266,-0.10181179642677307,0.39624762535095215,0.9304630160331726,-0.10478663444519043,0.36071497201919556,0.9134321212768555,-0.0977093055844307,0.31073886156082153,0.9246523380279541,-0.07485126703977585,0.3825884461402893,0.9725295901298523,-0.10249798744916916,0.35873302817344666,0.9715129733085632,-0.0856761485338211,0.33325624465942383,0.9503571391105652,-0.06703158468008041,0.28897663950920105,0.9758491516113281,-0.0865359976887703,0.35118991136550903,1.0076181888580322,-0.09550122916698456,0.33156514167785645,1.0014950037002563,-0.07506394386291504,0.309367835521698,0.9818685054779053,-0.057245656847953796
Question,20260726_153631_967707,23,0.19642485678195953,0.8870808482170105,1.6238666944445868e-07,0.25384628772735596,0.8374389410018921,-0.005072176922112703,0.3338787853717804,0.8351962566375732,-0.01933974027633667,0.3966730833053589,0.8648289442062378,-0.03196604177355766,0.4278811514377594,0.9058749079704285,-0.04393574967980385,0.3437853455543518,0.81425940990448,-0.048613473773002625,0.423422247171402,0.7908413410186768,-0.07809919118881226,0.4725888967514038,0.8110365271568298,-0.09297998994588852,0.5042905807495117,0.8355017304420471,-0.1005963459610939,0.33097532391548157,0.870449960231781,-0.06182199344038963,0.4210994243621826,0.9168060421943665,-0.10175326466560364,0.3980221450328827,0.9283565282821655,-0.1063380241394043,0.36321672797203064,0.9140620231628418,-0.10010041296482086,0.3120766282081604,0.9276399612426758,-0.072953961789608,0.38391274213790894,0.9719927906990051,-0.10131452977657318,0.36048004031181335,0.9708410501480103,-0.08544517308473587,0.33481302857398987,0.950626790523529,-0.06714538484811783,0.29150575399398804,0.9786792397499084,-0.08387510478496552,0.35274016857147217,1.0080832242965698,-0.09359896928071976,0.33345237374305725,1.0020047426223755,-0.07420264184474945,0.3116234540939331,0.9838271737098694,-0.056908898055553436
Question,20260726_153631_967707,24,0.18323521316051483,0.879173994064331,1.6466802321701834e-07,0.24447214603424072,0.8378075957298279,-0.00660755904391408,0.3228422701358795,0.8433642387390137,-0.021337240934371948,0.3847653269767761,0.876564621925354,-0.03318507596850395,0.42219647765159607,0.9131618738174438,-0.043905746191740036,0.3341251015663147,0.8149459958076477,-0.0556345134973526,0.416678786277771,0.8012644052505493,-0.08642169088125229,0.4669405519962311,0.8258746266365051,-0.10144970566034317,0.4998111426830292,0.8563905358314514,-0.10837361216545105,0.3173612952232361,0.8759466409683228,-0.06756902486085892,0.4159688353538513,0.9263741970062256,-0.10714766383171082,0.3928225636482239,0.9312777519226074,-0.108975350856781,0.35419681668281555,0.9133219718933105,-0.10067315399646759,0.2954121530056,0.9353535771369934,-0.07744795829057693,0.37913137674331665,0.9812087416648865,-0.10572915524244308,0.35486629605293274,0.975441038608551,-0.08770681917667389,0.32532840967178345,0.952928364276886,-0.06760866194963455,0.27123504877090454,0.9866259694099426,-0.08698490262031555,0.3422676622867584,1.0141927003860474,-0.0947842225432396,0.3230089843273163,1.00458824634552,-0.07275521010160446,0.29794979095458984,0.9851495027542114,-0.05387215316295624
Question,20260726_153631_967707,25,0.18979768455028534,0.8812234401702881,2.2652629638741928e-07,0.253002792596817,0.8440408706665039,-0.015599715523421764,0.3258371949195862,0.8506889939308167,-0.027866270393133163,0.38348817825317383,0.8807093501091003,-0.03433724865317345,0.4131822884082794,0.9131324291229248,-0.03834938257932663,0.33386558294296265,0.8113391995429993,-0.05189233645796776,0.41695815324783325,0.800940990447998,-0.08097964525222778,0.46541333198547363,0.8319733738899231,-0.09647275507450104,0.49511218070983887,0.8695880174636841,-0.10304343700408936,0.3171263635158539,0.8737887740135193,-0.055228229612112045,0.413446307182312,0.9212143421173096,-0.09014236927032471,0.3950746953487396,0.9299425482749939,-0.09474291652441025,0.35957983136177063,0.9147031307220459,-0.08836871385574341,0.29762428998947144,0.9337424039840698,-0.057715777307748795,0.38166582584381104,0.9731906652450562,-0.08294907212257385,0.36068952083587646,0.9695637226104736,-0.07037470489740372,0.3328876793384552,0.9462425112724304,-0.053179606795310974,0.27438053488731384,0.9859822988510132,-0.06048929691314697,0.3469088077545166,1.0065553188323975,-0.06711110472679138,0.334311306476593,1.0012853145599365,-0.04911058023571968,0.31051409244537354,0.9818435907363892,-0.03216222673654556
Question,20260726_153631_967707,26,0.19668619334697723,0.8928795456886292,2.473976223882346e-07,0.2559571862220764,0.8614498376846313,-0.022943943738937378,0.3287050426006317,0.8665797710418701,-0.030628003180027008,0.386060893535614,0.8917774558067322,-0.03131522238254547,0.410200834274292,0.9182603359222412,-0.0281973909586668,0.33924630284309387,0.8124487996101379,-0.033417586237192154,0.41921812295913696,0.8020303249359131,-0.0534481517970562,0.46667417883872986,0.833432674407959,-0.06551744788885117,0.4940721392631531,0.8721871972084045,-0.07053497433662415,0.3274599015712738,0.8715936541557312,-0.027739951387047768,0.4128366708755493,0.9061048030853271,-0.054217174649238586,0.3988614082336426,0.9207816123962402,-0.062330212444067,0.3668056130409241,0.9163774847984314,-0.059646639972925186,0.31376808881759644,0.9292044639587402,-0.02296597510576248,0.38916027545928955,0.9603461027145386,-0.04284736514091492,0.3687213659286499,0.9603421092033386,-0.03873278573155403,0.34057435393333435,0.9418448805809021,-0.028185568749904633,0.29554590582847595,0.9792738556861877,-0.019260335713624954,0.3600026071071625,0.9931517243385315,-0.02498023584485054,0.3478103280067444,0.9909881353378296,-0.015473933890461922,0.3235425651073456,0.9740648865699768,-0.0048131318762898445
Question,20260726_153631_967707,27,0.19367365539073944,0.8833325505256653,1.8705213733483106e-07,0.25253817439079285,0.8323143124580383,-0.00466742180287838,0.32601359486579895,0.8389450311660767,-0.010871238075196743,0.378720760345459,0.8791292905807495,-0.015930648893117905,0.40867072343826294,0.9161428213119507,-0.019783884286880493,0.33820343017578125,0.8096833229064941,-0.021070295944809914,0.4154033660888672,0.8090554475784302,-0.038168154656887054,0.46194446086883545,0.8370240926742554,-0.04870520904660225,0.4885838031768799,0.8693922758102417,-0.05384659022092819,0.3246263265609741,0.8686966300010681,-0.027762658894062042,0.41008874773979187,0.9146078824996948,-0.055592045187950134,0.3966355323791504,0.9227986335754395,-0.06350049376487732,0.3623185157775879,0.9131678342819214,-0.06064540520310402,0.30759263038635254,0.9287315607070923,-0.03364041447639465,0.3830746114253998,0.9744983911514282,-0.052430376410484314,0.3649790585041046,0.9668513536453247,-0.045291054993867874,0.3363863527774811,0.9436576962471008,-0.0336947999894619,0.2873496413230896,0.9811913967132568,-0.03927413001656532,0.3523705005645752,1.0071951150894165,-0.044354844838380814,0.33909183740615845,0.9996483325958252,-0.03229112550616264,0.315149188041687,0.9803378582000732,-0.02045895718038082
Question,20260726_153631_967707,28,0.1911647617816925,0.8860340118408203,1.927662367506855e-07,0.2504677176475525,0.8473796844482422,-0.01354101300239563,0.32544976472854614,0.8559266328811646,-0.015091518871486187,0.3796510100364685,0.8884122371673584,-0.012793514877557755,0.4071236550807953,0.9188375473022461,-0.007158040534704924,0.3369985520839691,0.8074705600738525,-0.011185219511389732,0.41445934772491455,0.8047864437103271,-0.02377127669751644,0.4609094262123108,0.8344741463661194,-0.03128151223063469,0.4871310591697693,0.8704515099525452,-0.03410141542553902,0.3255889415740967,0.8677554130554199,-0.009143116883933544,0.408162921667099,0.910777747631073,-0.033912550657987595,0.39351439476013184,0.9163041710853577,-0.04336017370223999,0.3615258038043976,0.9031224846839905,-0.04067780077457428,0.312238872051239,0.9266060590744019,-0.007957441732287407,0.3871038556098938,0.9630832076072693,-0.02698753960430622,0.36696287989616394,0.9561808705329895,-0.025445301085710526,0.3399777412414551,0.9329342246055603,-0.016156693920493126,0.2951892018318176,0.9769737124443054,-0.0070336260832846165,0.3592936396598816,0.9948426485061646,-0.014135422185063362,0.3458121716976166,0.9879723191261292,-0.00781222153455019,0.3218979239463806,0.9688279628753662,0.0010034176521003246
Question,20260726_153631_967707,29,0.1870957314968109,0.8822461366653442,2.1969844965497032e-07,0.2477971762418747,0.8403633236885071,-0.010965553112328053,0.32194098830223083,0.8513758182525635,-0.017980113625526428,0.37592777609825134,0.8893023729324341,-0.02195131406188011,0.4061776399612427,0.9223845601081848,-0.023753728717565536,0.33128786087036133,0.8091878890991211,-0.02602255903184414,0.40788644552230835,0.8044602870941162,-0.045667484402656555,0.45802563428878784,0.8319780826568604,-0.058617740869522095,0.4891358017921448,0.8657411932945251,-0.06508785486221313,0.3166632652282715,0.8689660429954529,-0.02916184440255165,0.4038712680339813,0.9085619449615479,-0.05790428817272186,0.39532580971717834,0.9170457720756531,-0.06759929656982422,0.3650813400745392,0.9092130064964294,-0.06623325496912003,0.3000625967979431,0.9284301996231079,-0.032042741775512695,0.3806004822254181,0.9693428874015808,-0.0515824630856514,0.36489948630332947,0.9612767100334167,-0.04599383473396301,0.33694276213645935,0.9381356239318848,-0.03527025878429413,0.2807155251502991,0.9808656573295593,-0.035324327647686005,0.3493712246417999,1.003269076347351,-0.04137261211872101,0.3391048014163971,0.9956028461456299,-0.031176980584859848,0.315443217754364,0.9767439961433411,-0.020534781739115715
Question,20260726_153631_967707,30,0.1899600774049759,0.8931748270988464,4.376057063382177e-07,0.2507518231868744,0.8792382478713989,-0.030366647988557816,0.3250548541545868,0.8917730450630188,-0.03372633829712868,0.3818008601665497,0.9098725914955139,-0.027663342654705048,0.400224894285202,0.9114120006561279,-0.016290899366140366,0.3348475992679596,0.8096268773078918,-0.026617828756570816,0.41181495785713196,0.7966256141662598,-0.04194503650069237,0.4592878520488739,0.8283064365386963,-0.05313168838620186,0.4875618815422058,0.8673489689826965,-0.05786885693669319,0.32270509004592896,0.8549404740333557,-0.011863061226904392,0.40458521246910095,0.8686599135398865,-0.02836323343217373,0.41955578327178955,0.8851116299629211,-0.03774787113070488,0.4165411591529846,0.8898460268974304,-0.040201038122177124,0.3098960220813751,0.902572751045227,0.00045998499263077974,0.38425764441490173,0.9351496696472168,-0.01559882890433073,0.37104570865631104,0.9339604377746582,-0.019759081304073334,0.3467855155467987,0.9160791635513306,-0.016625048592686653,0.29586097598075867,0.9467321038246155,0.011085725389420986,0.3536132276058197,0.9622162580490112,0.0014026015996932983,0.345888614654541,0.9597097039222717,-0.00025377384736202657,0.3252081274986267,0.9456546306610107,0.0021964593324810266
Question,20260726_153631_967707,31,0.7630234956741333,0.9058545231819153,7.006357805039443e-07,0.7060933113098145,0.8218157291412354,-0.03793724998831749,0.6267467737197876,0.7839387655258179,-0.06203737109899521,0.5574044585227966,0.7682540416717529,-0.0741838812828064,0.5085356831550598,0.783169150352478,-0.08257059752941132,0.6483315825462341,0.9159306883811951,-0.09903211891651154,0.5430750846862793,0.9789230227470398,-0.12729570269584656,0.4916176199913025,0.9507664442062378,-0.13338732719421387,0.47469133138656616,0.9081294536590576,-0.12914282083511353,0.6584814786911011,0.9802675843238831,-0.07855352759361267,0.5463670492172241,0.9922751784324646,-0.09929606318473816,0.5105717182159424,0.9404141306877136,-0.09487807750701904,0.5175858736038208,0.8936473727226257,-0.08816047757863998,0.6641700267791748,1.0194281339645386,-0.05601513385772705,0.5632919073104858,1.0213254690170288,-0.07016195356845856,0.535990834236145,0.9709616899490356,-0.06428265571594238,0.5421354174613953,0.9288386106491089,-0.05714574456214905,0.6654657125473022,1.0375760793685913,-0.03417878970503807,0.590278685092926,1.0347198247909546,-0.04282112419605255,0.5623995065689087,0.9959993958473206,-0.037851762026548386,0.5619261860847473,0.9628688097000122,-0.030699992552399635
Question,20260726_153631_967707,32,0.7583867311477661,0.889506995677948,6.494977924376144e-07,0.7020727396011353,0.8141574859619141,-0.04367859661579132,0.6255736947059631,0.7869130373001099,-0.06727176159620285,0.5601229071617126,0.7727766036987305,-0.07659658789634705,0.5109173655509949,0.7819924354553223,-0.0820327028632164,0.6466463804244995,0.9176947474479675,-0.10731347650289536,0.5496322512626648,0.9743384718894958,-0.13413789868354797,0.49725520610809326,0.952716052532196,-0.13979819416999817,0.47531747817993164,0.9184434413909912,-0.13599130511283875,0.6575733423233032,0.9790964126586914,-0.08162443339824677,0.5541542172431946,0.9973653554916382,-0.09770108759403229,0.5214709639549255,0.9527150392532349,-0.0907314270734787,0.5276457667350769,0.9114181995391846,-0.08400075137615204,0.6632385849952698,1.0142287015914917,-0.05387827381491661,0.5678206086158752,1.0207070112228394,-0.0654420256614685,0.5443418622016907,0.9756962060928345,-0.06010303646326065,0.5512552857398987,0.9367756247520447,-0.05443740263581276,0.6638146042823792,1.028784155845642,-0.027106452733278275,0.5920343399047852,1.0269651412963867,-0.03395438939332962,0.569770872592926,0.9906013011932373,-0.02991190366446972,0.5726265907287598,0.959309995174408,-0.02451661229133606
Question,20260726_153631_967707,33,0.7615141272544861,0.9051440954208374,6.187320877870661e-07,0.7075871825218201,0.8328471183776855,-0.03279634192585945,0.6339994072914124,0.8008829951286316,-0.0512506403028965,0.5714948177337646,0.7871410846710205,-0.06151958182454109,0.5260738134384155,0.7951052188873291,-0.0680280551314354,0.6457492113113403,0.9193761348724365,-0.06664609163999557,0.5521313548088074,0.9715943932533264,-0.0897437259554863,0.5057271718978882,0.9539803266525269,-0.09597555547952652,0.4903324246406555,0.9189272522926331,-0.09357964247465134,0.6561428904533386,0.9780222177505493,-0.04989456757903099,0.5645554661750793,1.0058937072753906,-0.06415871530771255,0.5261373519897461,0.976408839225769,-0.06219758093357086,0.5203392505645752,0.9406800270080566,-0.059318117797374725,0.6639602184295654,1.0139766931533813,-0.03328630328178406,0.5801856517791748,1.0328562259674072,-0.04587859287858009,0.549481987953186,1.0017274618148804,-0.04442833736538887,0.5464340448379517,0.968644917011261,-0.04115389660000801,0.6664093732833862,1.0303994417190552,-0.017606493085622787,0.598264753818512,1.042925477027893,-0.025450700893998146,0.5678213238716125,1.017884612083435,-0.022585203871130943,0.5618260502815247,0.9903685450553894,-0.017988042905926704
Question,20260726_153631_967707,34,0.7481006383895874,0.8879486918449402,6.510493335554202e-07,0.6947340369224548,0.8213592767715454,-0.03423311561346054,0.6226078867912292,0.794331967830658,-0.05301879718899727,0.562983512878418,0.7852782607078552,-0.062469132244586945,0.518056333065033,0.7914525270462036,-0.06927280128002167,0.6411418914794922,0.9096052050590515,-0.07448528707027435,0.5558340549468994,0.9658090472221375,-0.09880206733942032,0.5073130130767822,0.9560660719871521,-0.10653211921453476,0.48564842343330383,0.929028332233429,-0.10522230714559555,0.6547060608863831,0.9649853706359863,-0.05713993310928345,0.5683749318122864,1.0037741661071777,-0.074285127222538,0.524094820022583,0.9822743535041809,-0.07381638884544373,0.5109004378318787,0.9471225142478943,-0.07097195833921432,0.6635875701904297,0.9977818131446838,-0.03934469819068909,0.5865563154220581,1.0261926651000977,-0.051986273378133774,0.549277126789093,1.0050749778747559,-0.052044570446014404,0.5363332033157349,0.974791407585144,-0.049420010298490524,0.6664758324623108,1.011806845664978,-0.022623365744948387,0.6046704053878784,1.0333212614059448,-0.0291901882737875,0.5684685707092285,1.0189517736434937,-0.027165627107024193,0.5512477159500122,0.9973189830780029,-0.023379042744636536
Question,20260726_153631_967707,35,0.7403912544250488,0.8780691623687744,6.963741157051118e-07,0.6898529529571533,0.8264043927192688,-0.041112642735242844,0.6261376142501831,0.8080633282661438,-0.06485127657651901,0.5678525567054749,0.7971249222755432,-0.07830150425434113,0.523086428642273,0.8038729429244995,-0.08986417949199677,0.6491031050682068,0.9310873746871948,-0.08482062071561813,0.5707385540008545,0.975761890411377,-0.11129472404718399,0.5197926759719849,0.9761192202568054,-0.12187846004962921,0.48580899834632874,0.9633625745773315,-0.12390901148319244,0.6632209420204163,0.9804813861846924,-0.0665038675069809,0.5838847160339355,1.0157204866409302,-0.08421508222818375,0.5390669703483582,0.9989001154899597,-0.08391638100147247,0.5174680352210999,0.9705385565757751,-0.08306748420000076,0.6718618869781494,1.0065501928329468,-0.047961071133613586,0.5988128185272217,1.033630609512329,-0.06174154207110405,0.5622647404670715,1.014235496520996,-0.0597202442586422,0.5457073450088501,0.9860069751739502,-0.056954339146614075,0.6732202768325806,1.0156735181808472,-0.03152291104197502,0.6124066114425659,1.0357589721679688,-0.04101570323109627,0.5775877833366394,1.0209988355636597,-0.039014752954244614,0.5603352189064026,0.9999950528144836,-0.035794761031866074
Question,20260726_153631_967707,36,0.7472625970840454,0.880510687828064,5.067903430244769e-07,0.6884831190109253,0.8382415771484375,-0.02889511175453663,0.622646689414978,0.8257203102111816,-0.04364858567714691,0.5643108487129211,0.8184908628463745,-0.05202677473425865,0.5222298502922058,0.8226532936096191,-0.05841183289885521,0.6432720422744751,0.940467894077301,-0.04092826694250107,0.5774921178817749,0.9814133048057556,-0.05030916631221771,0.542250394821167,0.9823260307312012,-0.05316132679581642,0.520541250705719,0.9729615449905396,-0.053195904940366745,0.6625361442565918,0.9789854884147644,-0.026973091065883636,0.5993355512619019,1.0123145580291748,-0.02990254946053028,0.5695215463638306,1.0047541856765747,-0.02889437973499298,0.5566483736038208,0.9907617568969727,-0.02978907898068428,0.6777293682098389,1.000885009765625,-0.013553484342992306,0.6218031048774719,1.0273571014404297,-0.015619965270161629,0.5996434688568115,1.0139702558517456,-0.012436619028449059,0.59303879737854,0.9963339567184448,-0.011193426325917244,0.6866968870162964,1.011111855506897,-0.002148561179637909,0.642289936542511,1.0345666408538818,-0.004141370765864849,0.6246443390846252,1.024434208869934,-0.00046379875857383013,0.6199280619621277,1.0097217559814453,0.0028851807583123446
Question,20260726_153631_967707,37,0.7826923131942749,0.8819937705993652,2.2746471017853764e-07,0.707714319229126,0.8841356635093689,-0.03853922709822655,0.6292888522148132,0.8822583556175232,-0.04184994474053383,0.5691507458686829,0.8985086679458618,-0.03909528627991676,0.5180214047431946,0.9152529835700989,-0.033683519810438156,0.6212173104286194,0.7726266384124756,0.028333937749266624,0.5473909974098206,0.7698132991790771,0.046687688678503036,0.5106305480003357,0.7938612103462219,0.05030234530568123,0.4991317689418793,0.8256649374961853,0.0535198375582695,0.6404151320457458,0.8007849454879761,0.053998012095689774,0.5725598931312561,0.8089759945869446,0.08664380759000778,0.534233570098877,0.8403470516204834,0.08789480477571487,0.5149474143981934,0.8710194826126099,0.08514720946550369,0.6584068536758423,0.8321527242660522,0.07316484302282333,0.6015616655349731,0.8487818241119385,0.09993834793567657,0.565477192401886,0.8740809559822083,0.09647658467292786,0.5436233878135681,0.8989086151123047,0.09031499922275543,0.6764513850212097,0.862906813621521,0.08809927850961685,0.6241146326065063,0.8844496607780457,0.10571344941854477,0.6005827784538269,0.9027846455574036,0.10962792485952377,0.5877881646156311,0.9189883470535278,0.11155018210411072
Question,20260726_153631_967707,38,0.785139799118042,0.8869291543960571,2.5601337938496727e-07,0.7118400931358337,0.8819347023963928,-0.03255338594317436,0.6340557932853699,0.8832210898399353,-0.03767881542444229,0.5704750418663025,0.897757887840271,-0.03808128461241722,0.5178529620170593,0.9192541241645813,-0.03495049476623535,0.6299300789833069,0.7768048644065857,0.030375441536307335,0.5561062097549438,0.7688928246498108,0.044960446655750275,0.5163004994392395,0.7860429883003235,0.04523835703730583,0.5009547472000122,0.8128162026405334,0.04593127965927124,0.6410261392593384,0.7989909052848816,0.05053376033902168,0.5666019320487976,0.8024689555168152,0.07783789187669754,0.5289170145988464,0.8225997090339661,0.0773637667298317,0.5112267732620239,0.8458899259567261,0.07381181418895721,0.6491453051567078,0.8268391489982605,0.06453290581703186,0.5829988121986389,0.8399261832237244,0.08944329619407654,0.5497912168502808,0.8587780594825745,0.08862092345952988,0.532650887966156,0.8813809752464294,0.08429358154535294,0.6577799916267395,0.8562894463539124,0.0744999423623085,0.5991683602333069,0.8694197535514832,0.09341380000114441,0.5725248456001282,0.8821554183959961,0.0991053432226181,0.5575205683708191,0.8966806530952454,0.10155769437551498
Question,20260726_153631_967707,39,0.7564828395843506,0.8723215460777283,4.019532866550435e-07,0.6964247226715088,0.7745823264122009,-0.004672612063586712,0.6150988936424255,0.7574266195297241,0.0031435475684702396,0.5553913116455078,0.7856204509735107,0.014032904990017414,0.5268927812576294,0.8210746645927429,0.02853604406118393,0.5883872509002686,0.8033775091171265,0.015000225976109505,0.5120165944099426,0.795380175113678,0.03531637787818909,0.5075898170471191,0.791776180267334,0.0492846742272377,0.5237245559692383,0.7894070148468018,0.05896943435072899,0.5939902663230896,0.8759318590164185,0.026434265077114105,0.524847149848938,0.8695428967475891,0.054026562720537186,0.519224226474762,0.8439170122146606,0.0630437433719635,0.5351958274841309,0.8298302888870239,0.06513606756925583,0.6079414486885071,0.9281579256057739,0.038321901112794876,0.5464534163475037,0.9105556607246399,0.06657677888870239,0.5467067360877991,0.8805561661720276,0.07062104344367981,0.5603030323982239,0.8628324270248413,0.06749871373176575,0.6247504949569702,0.9576808214187622,0.049688614904880524,0.5755645036697388,0.9350798726081848,0.07373075932264328,0.5746737122535706,0.9085720777511597,0.08305376768112183,0.5871853828430176,0.8927901983261108,0.08646480739116669
Question,20260726_153631_967707,40,0.7524639964103699,0.8498641848564148,9.851980564690166e-08,0.6908488273620605,0.7630928754806519,0.002334118355065584,0.6120415329933167,0.7299793362617493,0.0041773393750190735,0.5520351529121399,0.7291339039802551,0.007206415757536888,0.5170801877975464,0.7437220215797424,0.010675706900656223,0.5865247845649719,0.8401704430580139,-0.019851842895150185,0.512945830821991,0.8485249280929565,-0.017037615180015564,0.5030623078346252,0.8205174207687378,-0.012206362560391426,0.5103100538253784,0.7997934818267822,-0.008528650738298893,0.6005942821502686,0.9036555290222168,-0.018911032006144524,0.5438745617866516,0.8782820701599121,-0.008019358851015568,0.5524672269821167,0.8469871282577515,-0.0010663039283826947,0.5742931962013245,0.835559070110321,-0.0013422564370557666,0.6217121481895447,0.9455016851425171,-0.014965861104428768,0.568617582321167,0.9146100878715515,-0.0008951823110692203,0.577005922794342,0.8878555297851562,0.0089324451982975,0.5991726517677307,0.8790678977966309,0.00916902907192707,0.6397872567176819,0.9743833541870117,-0.01061522401869297,0.591391384601593,0.953705370426178,0.0018687077099457383,0.5967115759849548,0.9286967515945435,0.013411196880042553,0.6166425347328186,0.9204420447349548,0.018879424780607224
Question,20260726_153631_967707,41,0.7534621953964233,0.8421992659568787,1.4750959564935329e-07,0.695296585559845,0.7579070329666138,-0.00604978296905756,0.6187502145767212,0.7292484045028687,-0.0063929310999810696,0.5588526725769043,0.7287489175796509,-0.0044388254173099995,0.5209652185440063,0.7381225824356079,-0.0018821274861693382,0.5970941781997681,0.832200288772583,-0.019847776740789413,0.5282177329063416,0.8489173650741577,-0.019995814189314842,0.5080731511116028,0.8338814377784729,-0.01909870281815529,0.5045157074928284,0.8168619871139526,-0.018545662984251976,0.611279308795929,0.897022008895874,-0.015724489465355873,0.5495384335517883,0.8887982964515686,-0.011476938612759113,0.5473778247833252,0.8615885972976685,-0.009060212410986423,0.5637841820716858,0.8449943661689758,-0.010558376088738441,0.6316899061203003,0.9426021575927734,-0.009895731694996357,0.572509765625,0.9297780990600586,-0.0035243332386016846,0.5725424289703369,0.9022082090377808,0.002247224561870098,0.5905560851097107,0.8850960731506348,0.002236733678728342,0.6495908498764038,0.9761520624160767,-0.004260596353560686,0.596980631351471,0.9687594175338745,0.0001960478548426181,0.594850480556488,0.9447450637817383,0.006864488124847412,0.6099036335945129,0.9282262325286865,0.010615098290145397
Question,20260726_153631_967707,42,0.7417353391647339,0.8365611433982849,7.312670646797415e-08,0.68946772813797,0.7503443956375122,-0.005592039320617914,0.6121932864189148,0.7206292748451233,-0.0022735956590622663,0.5507556796073914,0.7239689826965332,0.0017772618448361754,0.5135610699653625,0.745516300201416,0.006363337393850088,0.578236997127533,0.8227711319923401,-0.0013614811468869448,0.5242794752120972,0.831614077091217,2.8053895221091807e-05,0.5133097171783447,0.8134655356407166,-0.0014654945116490126,0.5137476325035095,0.7945482730865479,-0.00300607574172318,0.5902428030967712,0.8830758333206177,0.002239861758425832,0.548987627029419,0.8629096746444702,0.0067011285573244095,0.5588839054107666,0.8373880386352539,0.0053932033479213715,0.5793557167053223,0.8247613310813904,0.0024438395630568266,0.610731303691864,0.9253569841384888,0.0061387973837554455,0.5731951594352722,0.897205650806427,0.01209358498454094,0.5848318338394165,0.8740922808647156,0.01639433391392231,0.6051672697067261,0.8621467351913452,0.016174685209989548,0.6315156817436218,0.9577377438545227,0.00928774569183588,0.598657488822937,0.9296867847442627,0.014705540612339973,0.6069837212562561,0.9083166122436523,0.021085672080516815,0.6230238676071167,0.8965311050415039,0.025014270097017288
Question,20260726_153631_967707,43,0.7582346200942993,0.8297407627105713,1.2173504160273296e-07,0.7041240930557251,0.7566964626312256,-0.009456530213356018,0.6295522451400757,0.7270466089248657,-0.016823291778564453,0.5714586973190308,0.7248926758766174,-0.020063821226358414,0.529160737991333,0.736615002155304,-0.024029944092035294,0.6363369822502136,0.7846326231956482,-0.052609626203775406,0.5581800937652588,0.8169289827346802,-0.06337137520313263,0.5259949564933777,0.8124421834945679,-0.06320392340421677,0.5105258226394653,0.8036749958992004,-0.06118938699364662,0.6475465893745422,0.8430914282798767,-0.05074667930603027,0.5652618408203125,0.8587876558303833,-0.05802523344755173,0.5604156851768494,0.8337298631668091,-0.05275718495249748,0.5786832571029663,0.8145146369934082,-0.050079938024282455,0.6591993570327759,0.8911575675010681,-0.04603252559900284,0.5822493433952332,0.8976829051971436,-0.047657132148742676,0.5828232169151306,0.8712576627731323,-0.037140849977731705,0.6021814346313477,0.8542122840881348,-0.03243105486035347,0.669189989566803,0.9301429390907288,-0.041469473391771317,0.6044189929962158,0.9312256574630737,-0.042874086648225784,0.6050227284431458,0.9056726098060608,-0.03495626896619797,0.6214982271194458,0.8909339904785156,-0.030097555369138718
Question,20260726_153631_967707,44,0.7489965558052063,0.8382351398468018,2.0470882589052053e-07,0.6992948055267334,0.7636410593986511,-0.009062997065484524,0.6295756101608276,0.7286908030509949,-0.015820328146219254,0.5739802718162537,0.7232325077056885,-0.019097696989774704,0.5328680872917175,0.7338613867759705,-0.023479603230953217,0.6331425309181213,0.7879531383514404,-0.04484710097312927,0.5605764985084534,0.8201779723167419,-0.05534682795405388,0.5248665809631348,0.8155496716499329,-0.057844169437885284,0.5044721364974976,0.8060226440429688,-0.05813165754079819,0.6442751884460449,0.8459219932556152,-0.04340420290827751,0.5664238333702087,0.8610831499099731,-0.05167194828391075,0.5642243027687073,0.8346071243286133,-0.04905316233634949,0.5854860544204712,0.8151896595954895,-0.04782189801335335,0.6559739708900452,0.89204341173172,-0.039527781307697296,0.582169771194458,0.9001432657241821,-0.0426265150308609,0.582952618598938,0.8729294538497925,-0.03411345183849335,0.6034655570983887,0.8552838563919067,-0.029885007068514824,0.6648314595222473,0.9291796684265137,-0.035839155316352844,0.602562665939331,0.9340337514877319,-0.03902182728052139,0.6043307185173035,0.9093162417411804,-0.032460298389196396,0.6231194138526917,0.8942623138427734,-0.027969125658273697
Question,20260726_153631_967707,45,0.7429811954498291,0.834416925907135,2.2460919524291967e-07,0.6970717906951904,0.7608809471130371,-0.01072724349796772,0.6272332072257996,0.729478120803833,-0.018823692575097084,0.5720114707946777,0.7239676713943481,-0.022883214056491852,0.5300930738449097,0.7351000308990479,-0.02847091108560562,0.63251793384552,0.7890392541885376,-0.050900109112262726,0.5610409379005432,0.8195361495018005,-0.06272947043180466,0.5251113176345825,0.8132449388504028,-0.06577089428901672,0.5039525032043457,0.8029470443725586,-0.06662225723266602,0.6443545818328857,0.8452668190002441,-0.049293458461761475,0.5653010010719299,0.8610471487045288,-0.05903073027729988,0.5639533400535583,0.8329043388366699,-0.056232403963804245,0.5858374834060669,0.8131924867630005,-0.054943230003118515,0.6567010283470154,0.890596866607666,-0.04509317874908447,0.5814540982246399,0.9003167152404785,-0.049661196768283844,0.5831260085105896,0.8717197179794312,-0.04057224094867706,0.6045670509338379,0.8540332913398743,-0.035869717597961426,0.6661640405654907,0.9272783398628235,-0.041090309619903564,0.6022699475288391,0.9336569309234619,-0.046087902039289474,0.6044673323631287,0.9080415964126587,-0.039833370596170425,0.623690664768219,0.8930013179779053,-0.03554251417517662
Question,20260726_153631_967707,46,0.7378075122833252,0.8352186679840088,2.243766346055054e-07,0.6945507526397705,0.7625213861465454,-0.007690568920224905,0.6289514899253845,0.7312698364257812,-0.012817834503948689,0.5765023231506348,0.7266554236412048,-0.015226797200739384,0.5406479835510254,0.7429007291793823,-0.018609581515192986,0.6247348189353943,0.796466052532196,-0.03537679836153984,0.5585123300552368,0.8178335428237915,-0.042984556406736374,0.5287781953811646,0.811421811580658,-0.04475684463977814,0.5136212706565857,0.8002111911773682,-0.04499660059809685,0.6340051293373108,0.8522062301635742,-0.03340119868516922,0.5664365887641907,0.852378785610199,-0.03899898752570152,0.5639802813529968,0.8258900046348572,-0.03763704374432564,0.5821990370750427,0.8078711628913879,-0.03742484003305435,0.6462284922599792,0.8946161866188049,-0.029178783297538757,0.581754207611084,0.8883986473083496,-0.03016042523086071,0.5817204117774963,0.8606350421905518,-0.023948781192302704,0.6012729406356812,0.8437148332595825,-0.02140730619430542,0.6569368839263916,0.9264940619468689,-0.025037644430994987,0.6021389365196228,0.9220069646835327,-0.0261321272701025,0.6009184718132019,0.8967997431755066,-0.02072565257549286,0.6170541644096375,0.8813868165016174,-0.017073798924684525
Question,20260726_153631_967707,47,0.7408976554870605,0.8347392678260803,2.2442837632752344e-07,0.6979568004608154,0.7633923888206482,-0.009872703813016415,0.6318038105964661,0.7330917119979858,-0.01739063672721386,0.5798386931419373,0.7281687259674072,-0.021316122263669968,0.5412800312042236,0.7387745380401611,-0.0263165682554245,0.634247362613678,0.7910658121109009,-0.046517908573150635,0.5643132925033569,0.8170791268348694,-0.057142965495586395,0.5305225849151611,0.8135586380958557,-0.0592721551656723,0.5120396614074707,0.8045588731765747,-0.059366077184677124,0.6438453197479248,0.8467836976051331,-0.04470732808113098,0.5694352984428406,0.8534960746765137,-0.05418507382273674,0.5667179226875305,0.8286616206169128,-0.052434079349040985,0.5869458317756653,0.8111749291419983,-0.05126447603106499,0.6549371480941772,0.8908731341362,-0.04030729830265045,0.5837400555610657,0.8915890455245972,-0.04434043914079666,0.5848566889762878,0.8654937148094177,-0.03672906011343002,0.6063318252563477,0.8500815033912659,-0.032608672976493835,0.6638203859329224,0.9249992966651917,-0.03600560873746872,0.6037893891334534,0.9251738786697388,-0.03978551924228668,0.6064309477806091,0.9016574621200562,-0.03384288772940636,0.626552939414978,0.8879179358482361,-0.0294405035674572
Question,20260726_153631_967707,48,0.746137261390686,0.8365364670753479,2.1534914651510917e-07,0.7018171548843384,0.7666082978248596,-0.009854346513748169,0.6328253746032715,0.7384865283966064,-0.019130902364850044,0.5798601508140564,0.7349390387535095,-0.024021638557314873,0.5431830883026123,0.7506905794143677,-0.03031720407307148,0.6452074646949768,0.7909075617790222,-0.05725042521953583,0.5696493983268738,0.8180326223373413,-0.06951974332332611,0.5361329317092896,0.8126844167709351,-0.07075349241495132,0.5183049440383911,0.8046387434005737,-0.06977810710668564,0.6576389670372009,0.8460357189178467,-0.05579247325658798,0.5739080905914307,0.8554669618606567,-0.06525474041700363,0.5730674266815186,0.8275179266929626,-0.06027033552527428,0.5948032736778259,0.8107801079750061,-0.05732651799917221,0.6692547798156738,0.8897235989570618,-0.05115290358662605,0.5882163047790527,0.8932574987411499,-0.054957836866378784,0.5918890237808228,0.8650612831115723,-0.04415039345622063,0.6148771643638611,0.8502501249313354,-0.038409385830163956,0.6772617697715759,0.9238162040710449,-0.046476494520902634,0.6101824641227722,0.9261059165000916,-0.050135381519794464,0.6148842573165894,0.9018307328224182,-0.04268529266119003,0.6362102627754211,0.8896058797836304,-0.03791293874382973
Question,20260726_153631_967707,49,0.748786449432373,0.8393757343292236,2.1521996984574798e-07,0.7051303386688232,0.7760984301567078,-0.010660789906978607,0.6391608715057373,0.7462797164916992,-0.02039243094623089,0.5883885622024536,0.7395930886268616,-0.026227233931422234,0.5506566762924194,0.7525234222412109,-0.03346449136734009,0.6471182703971863,0.7959784269332886,-0.05240730941295624,0.5776706337928772,0.8219490051269531,-0.06485749781131744,0.5428357720375061,0.8192386627197266,-0.06759559363126755,0.5214932560920715,0.8142687082290649,-0.06812503933906555,0.6590838432312012,0.8495363593101501,-0.05219107121229172,0.5790937542915344,0.8633176684379578,-0.06395774334669113,0.5782945156097412,0.8357454538345337,-0.061571620404720306,0.599865734577179,0.8182089924812317,-0.059677865356206894,0.6709495782852173,0.8928322792053223,-0.04920465126633644,0.5929716229438782,0.9009352922439575,-0.055553000420331955,0.5963166356086731,0.8728706240653992,-0.045731090009212494,0.6187614798545837,0.857609748840332,-0.039622679352760315,0.6796916723251343,0.9269741773605347,-0.04641367122530937,0.6139703989028931,0.9316115379333496,-0.05235350877046585,0.6183589696884155,0.9074586629867554,-0.04532325267791748,0.6395693421363831,0.8947615623474121,-0.04004918783903122
Answer,20260726_153731_047623,0,0.7399599552154541,0.7316187620162964,-9.839566672553701e-08,0.7169511318206787,0.6787489056587219,-0.006588236428797245,0.6782469153404236,0.6282171010971069,-0.012830887921154499,0.6439379453659058,0.5899322032928467,-0.018110066652297974,0.6168676614761353,0.5657398104667664,-0.025226136669516563,0.6841354966163635,0.6357340216636658,-0.02504429593682289,0.6420047879219055,0.6203476190567017,-0.038984283804893494,0.6161336898803711,0.6180561780929565,-0.04836314544081688,0.5943278074264526,0.6115624904632568,-0.0555415041744709,0.6822593212127686,0.6741775870323181,-0.029039204120635986,0.6358346939086914,0.6731346845626831,-0.042182356119155884,0.6103402376174927,0.6761714220046997,-0.05013275519013405,0.5910611152648926,0.6726300716400146,-0.057532262057065964,0.68036949634552,0.7115147113800049,-0.032509900629520416,0.6384546756744385,0.711402416229248,-0.04440091922879219,0.6152402758598328,0.7125551700592041,-0.04638512060046196,0.5975934267044067,0.7063791155815125,-0.04856566712260246,0.6800442337989807,0.7451745867729187,-0.035880960524082184,0.6459591388702393,0.746436357498169,-0.04678872227668762,0.6283923983573914,0.7485396862030029,-0.04726431146264076,0.6148735880851746,0.7478536367416382,-0.04690977558493614
Answer,20260726_153731_047623,1,0.7295891046524048,0.7374523282051086,8.912790150361616e-08,0.7125335931777954,0.670325517654419,-0.00709394458681345,0.6665586233139038,0.609441876411438,-0.016887979581952095,0.6267575025558472,0.5685606002807617,-0.02368428371846676,0.6022660136222839,0.5292141437530518,-0.03182382509112358,0.6655735373497009,0.6439529061317444,-0.046640291810035706,0.6118162274360657,0.6326451301574707,-0.06153971701860428,0.6102451086044312,0.6281946301460266,-0.06625548005104065,0.6171807646751404,0.62577885389328,-0.06723075360059738,0.6558937430381775,0.6980987191200256,-0.0487041100859642,0.5910699367523193,0.6752634048461914,-0.05804699286818504,0.5989471673965454,0.667576789855957,-0.054618947207927704,0.6189528107643127,0.6720633506774902,-0.05326202139258385,0.6496392488479614,0.7458077073097229,-0.048678141087293625,0.5877142548561096,0.7187771797180176,-0.05482703447341919,0.6008703708648682,0.7089694142341614,-0.04461784288287163,0.624444305896759,0.7125424146652222,-0.03840479999780655,0.646028459072113,0.7872720956802368,-0.04833264648914337,0.5940662622451782,0.760760486125946,-0.05305430293083191,0.6041133999824524,0.7505397796630859,-0.04430386424064636,0.6235660910606384,0.7542701959609985,-0.03773857653141022
Answer,20260726_153731_047623,2,0.7282166481018066,0.7380841374397278,-1.8510549537609222e-08,0.7108114957809448,0.6685382127761841,-0.005306092090904713,0.6669793128967285,0.6117937564849854,-0.01346176490187645,0.6275514960289001,0.5717889070510864,-0.020309709012508392,0.6041207313537598,0.5338543057441711,-0.027501991018652916,0.6540305614471436,0.6378282308578491,-0.032398827373981476,0.5971717238426208,0.6273151636123657,-0.04580581933259964,0.6048633456230164,0.6270636320114136,-0.050761155784130096,0.6212747097015381,0.6302809715270996,-0.05160289257764816,0.6462951302528381,0.6898180246353149,-0.03447914868593216,0.5882531404495239,0.6690723299980164,-0.04178886488080025,0.6021483540534973,0.6654083132743835,-0.04065876454114914,0.6236511468887329,0.6740925312042236,-0.040503907948732376,0.6416142582893372,0.7374834418296814,-0.035338468849658966,0.5887687802314758,0.7123916149139404,-0.038643915206193924,0.6033106446266174,0.7056105136871338,-0.03012394905090332,0.6242454648017883,0.7124224305152893,-0.0255326796323061,0.6389783024787903,0.77951580286026,-0.036114443093538284,0.5937654972076416,0.7561190724372864,-0.037707701325416565,0.60614413022995,0.7484622597694397,-0.02898765355348587,0.623221755027771,0.7535312175750732,-0.022791340947151184
Answer,20260726_153731_047623,3,0.7288535833358765,0.7334476113319397,1.3706443269256852e-07,0.7108776569366455,0.6640898585319519,-0.00957110058516264,0.6615417003631592,0.6053955554962158,-0.021545642986893654,0.6188942790031433,0.5649675130844116,-0.030342886224389076,0.5923243761062622,0.5224201679229736,-0.041499849408864975,0.664191722869873,0.6306068897247314,-0.05086544156074524,0.5935655832290649,0.6235736608505249,-0.06411253660917282,0.5533195734024048,0.6173375248908997,-0.06705044955015182,0.5253973603248596,0.6162390112876892,-0.0687788799405098,0.6567308902740479,0.684500515460968,-0.05284714326262474,0.584531307220459,0.6640700697898865,-0.0676601454615593,0.5950755476951599,0.6541321277618408,-0.06500876694917679,0.619723916053772,0.6585177183151245,-0.06238485872745514,0.6522309184074402,0.7347507476806641,-0.052276335656642914,0.5835569500923157,0.7080864906311035,-0.0621180534362793,0.5976572632789612,0.698000967502594,-0.050323378294706345,0.6226611733436584,0.7014890909194946,-0.0422481968998909,0.6477103233337402,0.7790119051933289,-0.05171928554773331,0.589897632598877,0.7535437345504761,-0.05980560928583145,0.6034627556800842,0.7423153519630432,-0.05153435841202736,0.6258196830749512,0.7453249096870422,-0.04500086233019829
Answer,20260726_153731_047623,4,0.7279890775680542,0.7374963164329529,1.0552481910508504e-07,0.7105775475502014,0.665453314781189,-0.007779426872730255,0.6607979536056519,0.605148434638977,-0.018012210726737976,0.6179125905036926,0.5636323094367981,-0.025270914658904076,0.592713475227356,0.5205515027046204,-0.03446763753890991,0.6530401110649109,0.639063835144043,-0.04838787391781807,0.5851629376411438,0.6300616264343262,-0.05995454639196396,0.5572028160095215,0.6197857856750488,-0.06146957352757454,0.5411650538444519,0.6151306629180908,-0.06201545521616936,0.6445898413658142,0.692272961139679,-0.049923524260520935,0.5799961686134338,0.6685835719108582,-0.06055016070604324,0.5937315225601196,0.6577600836753845,-0.05608102306723595,0.6183021068572998,0.6626690626144409,-0.053658924996852875,0.640903651714325,0.7398457527160645,-0.04899229109287262,0.5801913142204285,0.7115115523338318,-0.05440663918852806,0.5952524542808533,0.7010002732276917,-0.04231191799044609,0.6188523173332214,0.7052574157714844,-0.03578927367925644,0.6384446620941162,0.7813155055046082,-0.04804946109652519,0.588057279586792,0.7545089721679688,-0.0524803064763546,0.6019171476364136,0.7435783743858337,-0.04381103441119194,0.6219912767410278,0.7481052875518799,-0.03802252560853958
Answer,20260726_153731_047623,5,0.7290598154067993,0.7486173510551453,-8.142917806708283e-08,0.708857536315918,0.6699712872505188,-0.007012508809566498,0.6601417064666748,0.6104177832603455,-0.016718801110982895,0.6154078841209412,0.5658864378929138,-0.02466217428445816,0.5858901143074036,0.5252977013587952,-0.03230573982000351,0.6471439003944397,0.6463874578475952,-0.036390066146850586,0.5833017826080322,0.6373449563980103,-0.05358465015888214,0.6023112535476685,0.6364389061927795,-0.06074139475822449,0.6282777190208435,0.6414586305618286,-0.061789657920598984,0.6395894885063171,0.699783444404602,-0.03723427280783653,0.5805424451828003,0.6785758137702942,-0.046234965324401855,0.599216878414154,0.674754798412323,-0.04510493949055672,0.6241574287414551,0.6826937198638916,-0.04481489956378937,0.6347374320030212,0.7472313642501831,-0.0372130312025547,0.5822262167930603,0.7218843102455139,-0.04090508073568344,0.5999418497085571,0.7171617746353149,-0.03140419349074364,0.6222947239875793,0.7224925756454468,-0.026259005069732666,0.6313080787658691,0.7875853776931763,-0.03734176978468895,0.5888440608978271,0.7617496252059937,-0.0385381244122982,0.6054829359054565,0.7568797469139099,-0.029175929725170135,0.6241977214813232,0.7617645859718323,-0.02242460288107395
Answer,20260726_153731_047623,6,0.7322027087211609,0.7492972016334534,-8.170911058869024e-08,0.7120733261108398,0.6735330820083618,-0.006760682910680771,0.662574052810669,0.6127036213874817,-0.016527356579899788,0.61742103099823,0.5667058229446411,-0.0245034322142601,0.5871507525444031,0.5264220237731934,-0.03261549398303032,0.6578590869903564,0.6425265073776245,-0.038715071976184845,0.5894719362258911,0.6324509978294373,-0.05474535748362541,0.5994991064071655,0.6364001035690308,-0.06029360741376877,0.6195771098136902,0.6425138115882874,-0.060865871608257294,0.6493648886680603,0.6954660415649414,-0.04018961265683174,0.5815426111221313,0.6727523803710938,-0.04979870468378067,0.5973140001296997,0.6709631085395813,-0.048221878707408905,0.6231920123100281,0.6796923875808716,-0.047511059790849686,0.6423438787460327,0.7438956499099731,-0.04042103886604309,0.58149254322052,0.7172688245773315,-0.0449625663459301,0.5984177589416504,0.7134296298027039,-0.035138797014951706,0.6224923729896545,0.7198959589004517,-0.02966293878853321,0.6355662941932678,0.7865684628486633,-0.040681544691324234,0.5875831842422485,0.7600260972976685,-0.043328408151865005,0.6038448810577393,0.7547917366027832,-0.03443939611315727,0.6238123774528503,0.7604115009307861,-0.028102679178118706
Answer,20260726_153731_047623,7,0.7323176264762878,0.7510337829589844,-4.307915446588595e-08,0.7102698087692261,0.6739417314529419,-0.007377419620752335,0.6599191427230835,0.6154943108558655,-0.017676325514912605,0.6150456070899963,0.5757483243942261,-0.0258097555488348,0.585949718952179,0.5355406403541565,-0.034155528992414474,0.6513575315475464,0.653627872467041,-0.04347405582666397,0.5811893343925476,0.6475570201873779,-0.05928819254040718,0.5956785678863525,0.6419939994812012,-0.0645197257399559,0.6183586120605469,0.6403042674064636,-0.0651998296380043,0.6452580690383911,0.7075579762458801,-0.0447634719312191,0.5779174566268921,0.6881465315818787,-0.05376560240983963,0.5958290100097656,0.679691731929779,-0.051324665546417236,0.6223316192626953,0.6866750121116638,-0.05076580494642258,0.6417394876480103,0.7553184628486633,-0.04444827511906624,0.5816881060600281,0.7322214245796204,-0.04870465397834778,0.5995295643806458,0.7228624224662781,-0.038218166679143906,0.6239736676216125,0.7270695567131042,-0.03274143859744072,0.6393054127693176,0.7972036600112915,-0.04419584944844246,0.5896340608596802,0.7727490067481995,-0.04710410162806511,0.6047558784484863,0.7633483409881592,-0.038014236837625504,0.6250956058502197,0.7674227952957153,-0.03171074390411377
Answer,20260726_153731_047623,8,0.732333779335022,0.754494845867157,1.0703441688519888e-08,0.7092190980911255,0.6778957843780518,-0.009790239855647087,0.6568440794944763,0.6189938187599182,-0.02104751393198967,0.6106565594673157,0.5773138403892517,-0.02955201454460621,0.5812182426452637,0.535246729850769,-0.038435198366642,0.6533560156822205,0.6647844910621643,-0.04697248712182045,0.5819327235221863,0.6566254496574402,-0.061983656138181686,0.5834578275680542,0.6492847204208374,-0.06580383330583572,0.5956330895423889,0.6450850367546082,-0.06610886007547379,0.6475996971130371,0.7196000814437866,-0.04746037721633911,0.5768938064575195,0.6942628622055054,-0.05852483585476875,0.5927640795707703,0.6840792894363403,-0.05652895197272301,0.6192950010299683,0.6904323101043701,-0.055553555488586426,0.6447079181671143,0.7672810554504395,-0.04619331657886505,0.5795415043830872,0.7401209473609924,-0.05156644433736801,0.5944586992263794,0.7274846434593201,-0.04165516048669815,0.6185794472694397,0.7306700944900513,-0.03615959733724594,0.6419870853424072,0.8084608316421509,-0.04506561905145645,0.5876196622848511,0.7805072665214539,-0.048234354704618454,0.6005667448043823,0.7669792771339417,-0.039792489260435104,0.6211177110671997,0.770383358001709,-0.03408901393413544
Answer,20260726_153731_047623,9,0.7368402481079102,0.7641547918319702,-2.091355355560154e-08,0.7125306725502014,0.6870900392532349,-0.011777756735682487,0.6568253636360168,0.6282974481582642,-0.023738661780953407,0.6087964773178101,0.5860797762870789,-0.03270719572901726,0.5789828300476074,0.5430939197540283,-0.041758712381124496,0.6522189378738403,0.6752690076828003,-0.04760708659887314,0.5806155204772949,0.6671311855316162,-0.0655675083398819,0.5887596011161804,0.6664692163467407,-0.07167965918779373,0.6075732111930847,0.6680062413215637,-0.07267345488071442,0.6486785411834717,0.7326333522796631,-0.04696612060070038,0.5781633853912354,0.7132159471511841,-0.05817883834242821,0.595193088054657,0.7054659724235535,-0.05634929984807968,0.6220836043357849,0.7100794315338135,-0.055722713470458984,0.6473786234855652,0.7821809649467468,-0.04526184871792793,0.5816034078598022,0.7597523331642151,-0.05135556310415268,0.5986113548278809,0.7494009733200073,-0.041206322610378265,0.623759925365448,0.7520437836647034,-0.03546712547540665,0.6464599967002869,0.8240177631378174,-0.04394034296274185,0.591139554977417,0.8000028133392334,-0.04784093424677849,0.606065034866333,0.7892846465110779,-0.03926151245832443,0.6276942491531372,0.7920005917549133,-0.033346571028232574
Answer,20260726_153731_047623,10,0.7432534098625183,0.782060444355011,-4.753665550083497e-08,0.7171618342399597,0.6948994398117065,-0.010075787082314491,0.6599699854850769,0.6312896013259888,-0.02174980565905571,0.6100600361824036,0.5913251638412476,-0.030872849747538567,0.5773656368255615,0.5493407249450684,-0.038863278925418854,0.6513990163803101,0.6910350918769836,-0.04508566856384277,0.5753535032272339,0.6785886883735657,-0.064463771879673,0.6000536680221558,0.6714960336685181,-0.07100948691368103,0.6293152570724487,0.675352931022644,-0.07110469788312912,0.6469182968139648,0.7523676156997681,-0.04488063231110573,0.5772479772567749,0.7264118194580078,-0.054376114159822464,0.6004148125648499,0.7171602845191956,-0.05140078440308571,0.6269210577011108,0.7256598472595215,-0.05030309036374092,0.6454749703407288,0.8030619025230408,-0.04386605694890022,0.58242267370224,0.7737991809844971,-0.04719667136669159,0.6035126447677612,0.7648681998252869,-0.03534859046339989,0.6280031204223633,0.7699412107467651,-0.029202433302998543,0.6449384093284607,0.8433058261871338,-0.04329180717468262,0.5922534465789795,0.81464684009552,-0.044221181422472,0.6105042695999146,0.8052554726600647,-0.033795006573200226,0.631787896156311,0.8096152544021606,-0.026854220777750015
Answer,20260726_153731_047623,11,0.7466990351676941,0.7827318906784058,-5.789127754951551e-08,0.7176875472068787,0.6936755776405334,-0.008480534888803959,0.661572277545929,0.6319243907928467,-0.02101811021566391,0.6117558479309082,0.5894570350646973,-0.031393617391586304,0.5779995322227478,0.5483296513557434,-0.04064130783081055,0.6519195437431335,0.6943774819374084,-0.04668018966913223,0.5757730603218079,0.6791630983352661,-0.06675034016370773,0.5989238023757935,0.6697579622268677,-0.07377234846353531,0.6288015842437744,0.6731398105621338,-0.07372119277715683,0.6473305821418762,0.7551624774932861,-0.04746302589774132,0.5769560933113098,0.7225106358528137,-0.05559632554650307,0.5989911556243896,0.7117754817008972,-0.05170392245054245,0.6251892447471619,0.7218238115310669,-0.05050927400588989,0.6462316513061523,0.8052917718887329,-0.04713088646531105,0.5832945108413696,0.7690392732620239,-0.0482097826898098,0.6033228039741516,0.7600005269050598,-0.03515801951289177,0.6271041035652161,0.7672200798988342,-0.029083069413900375,0.6459240317344666,0.8457580208778381,-0.047243356704711914,0.5912445783615112,0.8116157054901123,-0.045282308012247086,0.6078810095787048,0.8032227158546448,-0.03329124301671982,0.6281154751777649,0.810182511806488,-0.026024771854281425
Answer,20260726_153731_047623,12,0.7559075355529785,0.7945035099983215,-3.452234054179826e-08,0.7270845174789429,0.7038773894309998,-0.014646491967141628,0.6649404764175415,0.6364419460296631,-0.0283936969935894,0.6084524989128113,0.5956075191497803,-0.03855137154459953,0.5710957646369934,0.5553392767906189,-0.04738885536789894,0.6648381948471069,0.7074525356292725,-0.054040223360061646,0.5832633972167969,0.688732922077179,-0.0771961584687233,0.6026259064674377,0.6775298118591309,-0.0851670429110527,0.6307100057601929,0.6806372404098511,-0.08554988354444504,0.6602805852890015,0.7715102434158325,-0.052682604640722275,0.5822839140892029,0.7386778593063354,-0.06615893542766571,0.602957546710968,0.7234212160110474,-0.0650467723608017,0.6310715079307556,0.7319007515907288,-0.06471797078847885,0.657814621925354,0.8232135772705078,-0.05052615702152252,0.5869744420051575,0.7887035012245178,-0.05613167583942413,0.6062355041503906,0.7731801271438599,-0.044778335839509964,0.6318756341934204,0.7786598205566406,-0.03866499662399292,0.6553683876991272,0.8652116060256958,-0.04911964386701584,0.5964815020561218,0.8324806690216064,-0.05079569295048714,0.6128471493721008,0.8181034922599792,-0.0405757874250412,0.6351333856582642,0.823032796382904,-0.03396910801529884
Answer,20260726_153731_047623,13,0.7562214732170105,0.8065357804298401,-2.863530568220085e-08,0.7253703474998474,0.7119122743606567,-0.014306635595858097,0.6624542474746704,0.6412233114242554,-0.02587699331343174,0.6085317730903625,0.5973420143127441,-0.03495355322957039,0.574638843536377,0.5552390813827515,-0.04284118115901947,0.6283882260322571,0.7225766777992249,-0.036704789847135544,0.5775302052497864,0.7041935920715332,-0.056187208741903305,0.6057721972465515,0.6934544444084167,-0.06743119657039642,0.633977472782135,0.69923335313797,-0.07182029634714127,0.6271063685417175,0.7863931059837341,-0.0358724445104599,0.5766187906265259,0.7568920850753784,-0.04586075246334076,0.6019185185432434,0.7422176599502563,-0.047629788517951965,0.6284703612327576,0.750023365020752,-0.049760714173316956,0.6315455436706543,0.8389698266983032,-0.03515750914812088,0.5851966738700867,0.8082886338233948,-0.03968849405646324,0.6070437431335449,0.7954171299934387,-0.03114986978471279,0.6314797401428223,0.8010936379432678,-0.026740560308098793,0.6378492116928101,0.8823789358139038,-0.035564735531806946,0.595892608165741,0.8528521060943604,-0.03748738393187523,0.6144033074378967,0.8388283252716064,-0.028003063052892685,0.6356326341629028,0.8423510789871216,-0.02074902318418026
Answer,20260726_153731_047623,14,0.7583662867546082,0.8394656777381897,-8.826827269103887e-08,0.729135274887085,0.7376002073287964,-0.017464499920606613,0.6658617854118347,0.6626084446907043,-0.03005419299006462,0.6075944900512695,0.614622950553894,-0.03946618363261223,0.5705700516700745,0.5672253966331482,-0.047195419669151306,0.5993315577507019,0.744042158126831,-0.03048974834382534,0.5739575028419495,0.7029744982719421,-0.04926850646734238,0.6068678498268127,0.6955463886260986,-0.06390518695116043,0.6330497860908508,0.7090240716934204,-0.07216095924377441,0.5964248180389404,0.8102933764457703,-0.028029246255755424,0.5779398083686829,0.7591980695724487,-0.03615365922451019,0.6073442697525024,0.7500459551811218,-0.040579382330179214,0.6302675008773804,0.765600323677063,-0.04597765579819679,0.6043626070022583,0.8628019094467163,-0.02624053694307804,0.5864773392677307,0.8106682300567627,-0.02991442196071148,0.6105329394340515,0.8045480251312256,-0.022378206253051758,0.6312615275382996,0.816391110420227,-0.01968851312994957,0.615222692489624,0.9064522981643677,-0.026069171726703644,0.5913754105567932,0.8601806163787842,-0.02566627599298954,0.6132912635803223,0.8506285548210144,-0.01446695439517498,0.6315529346466064,0.8589637279510498,-0.006302652880549431
Answer,20260726_153731_047623,15,0.7625826001167297,0.8388227224349976,-7.429922987967075e-08,0.7317239046096802,0.7367589473724365,-0.017551319673657417,0.6665792465209961,0.663185179233551,-0.030130751430988312,0.6059613823890686,0.614997386932373,-0.03959327191114426,0.5685409903526306,0.5659534335136414,-0.04764562100172043,0.6066904067993164,0.7515362501144409,-0.03069283999502659,0.5744380354881287,0.7150220274925232,-0.04897043853998184,0.602722704410553,0.7058172821998596,-0.06298056244850159,0.6292014122009277,0.7164663076400757,-0.07030147314071655,0.6039602756500244,0.8177434802055359,-0.026878656819462776,0.5777143239974976,0.7670888304710388,-0.03465799242258072,0.6045405268669128,0.7553906440734863,-0.039121754467487335,0.6284424066543579,0.7685545086860657,-0.04417051002383232,0.6113132834434509,0.8688787817955017,-0.023538021370768547,0.5851517915725708,0.8185105323791504,-0.02665925957262516,0.607337474822998,0.8092797994613647,-0.019935401156544685,0.6291293501853943,0.8187627792358398,-0.017581850290298462,0.6210425496101379,0.9103442430496216,-0.02159750461578369,0.5911536812782288,0.867794394493103,-0.020975664258003235,0.6110671758651733,0.8558277487754822,-0.010655758902430534,0.6299254298210144,0.8610991835594177,-0.0031795224640518427
Answer,20260726_153731_047623,16,0.7781531810760498,0.861595630645752,1.1636645069756923e-07,0.7412388920783997,0.7644356489181519,-0.020343316718935966,0.6723886132240295,0.6873108744621277,-0.036126118153333664,0.6104148626327515,0.6373165249824524,-0.046788934618234634,0.5700700879096985,0.5892006158828735,-0.05614032223820686,0.6545635461807251,0.7759718298912048,-0.058285269886255264,0.579459547996521,0.7600491642951965,-0.0794404074549675,0.5872290134429932,0.7406393885612488,-0.08688103407621384,0.6085134744644165,0.7337705492973328,-0.08774939924478531,0.6509771347045898,0.8475298881530762,-0.05275164917111397,0.5784879326820374,0.815187931060791,-0.06437504291534424,0.5934755206108093,0.7925442457199097,-0.06349673122167587,0.6193634271621704,0.793607234954834,-0.06398259848356247,0.6512277722358704,0.9037512540817261,-0.046208154410123825,0.587583065032959,0.8699864745140076,-0.05048367381095886,0.6012818813323975,0.8507137894630432,-0.04095040634274483,0.625567615032196,0.8519936800003052,-0.036460261791944504,0.651353657245636,0.949001669883728,-0.04070460423827171,0.5962151288986206,0.9162453413009644,-0.04124721139669418,0.6069322228431702,0.8972553014755249,-0.03178766742348671,0.6270095705986023,0.8976393938064575,-0.025235174223780632
Answer,20260726_153731_047623,17,0.7824158668518066,0.8791377544403076,8.307743826208025e-08,0.742120623588562,0.7738438248634338,-0.019793979823589325,0.6759091019630432,0.700756311416626,-0.037106528878211975,0.611352801322937,0.652951717376709,-0.049785763025283813,0.5698962807655334,0.5994076728820801,-0.060414090752601624,0.6417507529258728,0.8009370565414429,-0.049370694905519485,0.5782772898674011,0.7705538272857666,-0.0701359286904335,0.6020250916481018,0.7494838833808899,-0.07904750853776932,0.6327910423278809,0.7500758171081543,-0.08102509379386902,0.6373699307441711,0.8742340803146362,-0.04411887004971504,0.5754424333572388,0.8281150460243225,-0.05273710936307907,0.5970957279205322,0.8054019212722778,-0.05085277184844017,0.6241318583488464,0.8108004927635193,-0.051373209804296494,0.6402973532676697,0.9327331781387329,-0.03863256052136421,0.5840398073196411,0.8883489370346069,-0.041489630937576294,0.6038545370101929,0.8696224689483643,-0.030645785853266716,0.6303456425666809,0.8724925518035889,-0.02571098878979683,0.645722508430481,0.9782980680465698,-0.03434520587325096,0.5974488258361816,0.9406023621559143,-0.03421351686120033,0.612823486328125,0.9226986169815063,-0.023653630167245865,0.6343137621879578,0.9248921275138855,-0.016071802005171776
Answer,20260726_153731_047623,18,0.7921903133392334,0.8758646845817566,7.4284272955083e-08,0.7444816827774048,0.771601676940918,-0.017712293192744255,0.6743647456169128,0.7021048069000244,-0.034769125282764435,0.6094240546226501,0.650196373462677,-0.04684744030237198,0.5698753595352173,0.5934732556343079,-0.05728761851787567,0.6453757286071777,0.801188051700592,-0.056310150772333145,0.5815930962562561,0.7774738669395447,-0.07397088408470154,0.5965915322303772,0.7516301870346069,-0.07856439054012299,0.6236274838447571,0.7459181547164917,-0.07790295034646988,0.6442750096321106,0.8748301863670349,-0.05103405565023422,0.5763306021690369,0.8350784182548523,-0.05809078738093376,0.5954613089561462,0.8080662488937378,-0.053429119288921356,0.6247044801712036,0.8074345588684082,-0.052046068012714386,0.6499588489532471,0.9331886768341064,-0.04422275349497795,0.5888625979423523,0.8955659866333008,-0.0448153056204319,0.60672926902771,0.8718150854110718,-0.0324762798845768,0.6339849233627319,0.8694674372673035,-0.027212737128138542,0.659683108329773,0.9774342775344849,-0.03820042684674263,0.6084117889404297,0.9454805850982666,-0.036288708448410034,0.6224058866500854,0.9251117706298828,-0.024793574586510658,0.6435773968696594,0.9229507446289062,-0.017191361635923386
Answer,20260726_153731_047623,19,0.797668993473053,0.8927148580551147,3.4548769178854855e-08,0.7511810660362244,0.789534330368042,-0.022552087903022766,0.67885422706604,0.7119402289390564,-0.0449376218020916,0.6095151901245117,0.6574959754943848,-0.06211645528674126,0.56392902135849,0.6034132242202759,-0.07614975422620773,0.6444269418716431,0.8209279775619507,-0.06025398150086403,0.5761260390281677,0.7846449017524719,-0.08803839981555939,0.6034892797470093,0.7671083211898804,-0.1007818728685379,0.6363442540168762,0.7743942737579346,-0.10419085621833801,0.6432092189788818,0.8986515998840332,-0.05601323023438454,0.5700847506523132,0.8416000008583069,-0.07192224264144897,0.5964735150337219,0.819472074508667,-0.07173406332731247,0.627942681312561,0.8302469253540039,-0.07201484590768814,0.6453691720962524,0.9577842950820923,-0.05138019844889641,0.5794563293457031,0.8986842036247253,-0.05778208002448082,0.6022008657455444,0.8806284070014954,-0.04501515254378319,0.6312463879585266,0.8900541067123413,-0.03786137327551842,0.6482778787612915,1.003556251525879,-0.04826245829463005,0.5897840261459351,0.954316258430481,-0.04788558557629585,0.6091907024383545,0.9354241490364075,-0.034762781113386154,0.6337559223175049,0.9422551989555359,-0.025293365120887756
Answer,20260726_153731_047623,20,0.8231685161590576,0.9058180451393127,8.447531740785053e-08,0.7686102986335754,0.8014347553253174,-0.016295354813337326,0.6856492161750793,0.7260220646858215,-0.03574732318520546,0.6130706071853638,0.6656920909881592,-0.050430163741111755,0.5652387142181396,0.6078947186470032,-0.06174657866358757,0.6754789352416992,0.8261955380439758,-0.06563794612884521,0.5720136165618896,0.8075094223022461,-0.08730816841125488,0.5851888656616211,0.7760264277458191,-0.08966817706823349,0.6149131059646606,0.7678635120391846,-0.08566047251224518,0.6732021570205688,0.9038006067276001,-0.0628647431731224,0.5710974335670471,0.8574062585830688,-0.07586939632892609,0.5918687582015991,0.8234255909919739,-0.06964080035686493,0.6259599328041077,0.8252089023590088,-0.0651700347661972,0.6727798581123352,0.965835690498352,-0.05804883688688278,0.5823624134063721,0.9168969392776489,-0.06036509945988655,0.6033470630645752,0.8854988813400269,-0.04284735769033432,0.6360786557197571,0.8856112957000732,-0.033042777329683304,0.6724311113357544,1.0131804943084717,-0.05425722524523735,0.5997642874717712,0.9708867073059082,-0.05275677889585495,0.615166187286377,0.9440895915031433,-0.03874496743083,0.639950692653656,0.9446018934249878,-0.029010897502303123
Answer,20260726_153731_047623,21,0.8206621408462524,0.90626060962677,4.705204403876451e-08,0.768035888671875,0.8004482984542847,-0.013834252022206783,0.6857393383979797,0.7267217636108398,-0.03180162236094475,0.6145513653755188,0.6678100824356079,-0.04590796306729317,0.5680944919586182,0.6122128963470459,-0.05707687512040138,0.6766074895858765,0.8262010216712952,-0.06117215007543564,0.5743246674537659,0.8100322484970093,-0.08289311081171036,0.5945464372634888,0.7814550399780273,-0.08696574717760086,0.6292369961738586,0.7772323489189148,-0.08404072374105453,0.6740846037864685,0.9032232165336609,-0.059291645884513855,0.5699286460876465,0.8649018406867981,-0.06962736696004868,0.5931071639060974,0.8324588537216187,-0.06323809176683426,0.6284657716751099,0.836067259311676,-0.059329498559236526,0.6740140318870544,0.965023398399353,-0.05554946884512901,0.5787515640258789,0.9247409105300903,-0.056058332324028015,0.6004464626312256,0.8930919170379639,-0.03897968679666519,0.633212149143219,0.8937496542930603,-0.029909731820225716,0.6740772724151611,1.0125439167022705,-0.05256541818380356,0.5974933505058289,0.9772888422012329,-0.04988430440425873,0.612598180770874,0.9503217935562134,-0.035591911524534225,0.6383342146873474,0.9502992033958435,-0.02608058601617813
Answer,20260726_153731_047623,22,0.8185981512069702,0.9063850045204163,2.436218871082474e-08,0.76848965883255,0.80086749792099,-0.0157339908182621,0.6846811175346375,0.7268929481506348,-0.0335305854678154,0.6115529537200928,0.6663720607757568,-0.04753176122903824,0.5647903084754944,0.6072892546653748,-0.05801074579358101,0.6721047759056091,0.8268364667892456,-0.056951820850372314,0.5691448450088501,0.8065459132194519,-0.0788598582148552,0.5938614010810852,0.778835654258728,-0.08356689661741257,0.6293365359306335,0.7770138382911682,-0.0812961533665657,0.6693038940429688,0.9048042297363281,-0.05455419048666954,0.5668683052062988,0.864471435546875,-0.06395987421274185,0.5922529101371765,0.8344746828079224,-0.057338155806064606,0.6260157823562622,0.8407586216926575,-0.053766343742609024,0.6703879833221436,0.965496301651001,-0.051231738179922104,0.5784764289855957,0.923439621925354,-0.051731035113334656,0.602353572845459,0.8960978388786316,-0.03436892479658127,0.6334978938102722,0.8996645212173462,-0.025390148162841797,0.6717873811721802,1.0098291635513306,-0.049119241535663605,0.5974770784378052,0.9727424383163452,-0.046020932495594025,0.6135390996932983,0.9504985809326172,-0.031514883041381836,0.6378101110458374,0.9543042778968811,-0.022302299737930298
Answer,20260726_153731_047623,23,0.8161001205444336,0.906096875667572,1.831119433859385e-08,0.7666544914245605,0.7996266484260559,-0.013511667028069496,0.6855886578559875,0.726089596748352,-0.030021609738469124,0.6133129000663757,0.665851891040802,-0.043418820947408676,0.5663281083106995,0.6082017421722412,-0.0537826269865036,0.6659780740737915,0.8245360851287842,-0.05057668685913086,0.5687165856361389,0.8054165840148926,-0.07093659043312073,0.5916594862937927,0.7785077095031738,-0.07632787525653839,0.6262111663818359,0.7765758037567139,-0.07487373799085617,0.6628561615943909,0.9014275074005127,-0.04875890165567398,0.5662312507629395,0.8636841773986816,-0.05653098225593567,0.5903894901275635,0.8346551060676575,-0.05106007680296898,0.6236972808837891,0.84112548828125,-0.04844590649008751,0.6641875505447388,0.9623274803161621,-0.0459427610039711,0.577444851398468,0.923676609992981,-0.04550325125455856,0.6001202464103699,0.8969458937644958,-0.029554130509495735,0.6308491230010986,0.9004982709884644,-0.02152537740767002,0.6664860248565674,1.0075371265411377,-0.04408160224556923,0.5956835150718689,0.9740598201751709,-0.040294986218214035,0.6113544702529907,0.9519800543785095,-0.025935528799891472,0.6357178688049316,0.9553530216217041,-0.016575274989008904
Answer,20260726_153731_047623,24,0.809807300567627,0.9031964540481567,3.125622782818027e-08,0.761042594909668,0.7952497005462646,-0.015021995641291142,0.6810072064399719,0.7196227312088013,-0.03277504816651344,0.6099767684936523,0.6595941185951233,-0.04688360542058945,0.5642840266227722,0.6018380522727966,-0.05822918564081192,0.6636750102043152,0.8204184174537659,-0.05789518728852272,0.5648688673973083,0.7984705567359924,-0.07897484302520752,0.5891015529632568,0.7744845747947693,-0.08374536037445068,0.6245371699333191,0.7739381790161133,-0.0818934217095375,0.6621235609054565,0.8994693756103516,-0.05600661039352417,0.5625023245811462,0.8586739897727966,-0.06380509585142136,0.5870059728622437,0.8312884569168091,-0.05641006678342819,0.6202687621116638,0.8367472887039185,-0.053110577166080475,0.6653281450271606,0.9617047309875488,-0.052921902388334274,0.5734037160873413,0.9184489250183105,-0.05314392223954201,0.5969365239143372,0.8932244181632996,-0.03548658266663551,0.6286044716835022,0.896795392036438,-0.02684011682868004,0.6695939898490906,1.0081686973571777,-0.0507720522582531,0.593912661075592,0.9715028405189514,-0.04824609309434891,0.6096433997154236,0.9497917294502258,-0.033327069133520126,0.634507954120636,0.9530134797096252,-0.023915225639939308
Answer,20260726_153731_047623,25,0.8143419623374939,0.9004395008087158,-6.109971195655817e-08,0.7633557915687561,0.7872781753540039,-0.011668833903968334,0.6834105253219604,0.7100629806518555,-0.027091991156339645,0.6113575100898743,0.6537024974822998,-0.04076732322573662,0.565319836139679,0.595298171043396,-0.05161675438284874,0.6538028717041016,0.818938672542572,-0.040481992065906525,0.5653848052024841,0.7912083268165588,-0.06167174503207207,0.5944526195526123,0.7682849168777466,-0.07076842337846756,0.6316532492637634,0.7713738679885864,-0.07199490070343018,0.6535926461219788,0.8966580629348755,-0.041102658957242966,0.5635288953781128,0.8541026711463928,-0.05025019869208336,0.5918362140655518,0.828449547290802,-0.047704700380563736,0.6276968717575073,0.8364768624305725,-0.04655180126428604,0.6573197245597839,0.9585580229759216,-0.04127998277544975,0.5739476680755615,0.9156349301338196,-0.04286103695631027,0.6001861095428467,0.8922991156578064,-0.02830306626856327,0.6325240731239319,0.8978415131568909,-0.02043946459889412,0.6623678803443909,1.006054401397705,-0.04231682047247887,0.5895639657974243,0.9686203598976135,-0.0397648811340332,0.6105638146400452,0.9481334090232849,-0.024517036974430084,0.6389811635017395,0.952438235282898,-0.013925613835453987
Answer,20260726_153731_047623,26,0.8161249756813049,0.9013562202453613,-4.7224038013382597e-08,0.7635623216629028,0.7882825136184692,-0.01068793423473835,0.6823543906211853,0.7133356332778931,-0.02600318007171154,0.6105020642280579,0.6532789468765259,-0.040315892547369,0.5647701621055603,0.5916757583618164,-0.052295129746198654,0.6555116176605225,0.8137958645820618,-0.037473730742931366,0.5642250180244446,0.7932535409927368,-0.05898180231451988,0.5911170840263367,0.7696143388748169,-0.06911402940750122,0.6287509799003601,0.7698208689689636,-0.07089650630950928,0.6559740304946899,0.8907142877578735,-0.03877951204776764,0.5615862011909485,0.8578322529792786,-0.047806113958358765,0.5887187719345093,0.8311038017272949,-0.04641241207718849,0.6259557008743286,0.8364610075950623,-0.04597132280468941,0.6605507731437683,0.9539058208465576,-0.03972246125340462,0.5723029971122742,0.9203234314918518,-0.04194820299744606,0.5975827574729919,0.895609974861145,-0.028107179328799248,0.6311331391334534,0.899004340171814,-0.02036370150744915,0.6661785840988159,1.003674030303955,-0.04138278588652611,0.5892466306686401,0.9728298187255859,-0.039607398211956024,0.6093274354934692,0.9508064985275269,-0.024424953386187553,0.639205813407898,0.9531059265136719,-0.013613357208669186
Answer,20260726_153731_047623,27,0.8055821061134338,0.891531765460968,-8.628440895108724e-08,0.7577276229858398,0.7765374183654785,-0.013564766384661198,0.6755013465881348,0.6928549408912659,-0.028929514810442924,0.6036115288734436,0.630874514579773,-0.04103338345885277,0.5626177787780762,0.5699701309204102,-0.051448140293359756,0.6340190768241882,0.7928392291069031,-0.04517817497253418,0.5689361691474915,0.7580982446670532,-0.0664673000574112,0.5998528003692627,0.7473126649856567,-0.07711711525917053,0.6376149654388428,0.7576544284820557,-0.07987891137599945,0.6308547258377075,0.8727378249168396,-0.04345312714576721,0.5642983913421631,0.8257821202278137,-0.05328786000609398,0.594661295413971,0.8097938895225525,-0.0532434917986393,0.6298912763595581,0.8196650147438049,-0.054033312946558,0.6339327096939087,0.9374231696128845,-0.04067889600992203,0.5728650093078613,0.8909127712249756,-0.04116591811180115,0.5983983278274536,0.8754024505615234,-0.028738247230648994,0.6294246912002563,0.8827272653579712,-0.022941723465919495,0.6399468779563904,0.9895744919776917,-0.03865679353475571,0.5864642858505249,0.9509674310684204,-0.033565159887075424,0.609499454498291,0.9343156218528748,-0.0185619555413723,0.6356188654899597,0.9376867413520813,-0.008262860588729382
Answer,20260726_153731_047623,28,0.7993059754371643,0.858479917049408,-8.046624344615338e-08,0.7504212856292725,0.7517713308334351,-0.015892524272203445,0.6768984794616699,0.6742664575576782,-0.03426752984523773,0.6085240244865417,0.6122947931289673,-0.050857577472925186,0.5669229030609131,0.5511587262153625,-0.06576351076364517,0.616051197052002,0.7732383012771606,-0.03785775601863861,0.558603823184967,0.7338438630104065,-0.06342583894729614,0.593219518661499,0.7215738892555237,-0.0809202492237091,0.6303813457489014,0.7298606634140015,-0.08864597976207733,0.6199686527252197,0.8478757739067078,-0.03761904686689377,0.5638512372970581,0.7984591722488403,-0.051824893802404404,0.5983920693397522,0.7818529009819031,-0.05678620561957359,0.634560763835907,0.7914418578147888,-0.0606546550989151,0.6314469575881958,0.9078381657600403,-0.03767269104719162,0.579375684261322,0.8608546257019043,-0.043222106993198395,0.6068375110626221,0.8459532856941223,-0.033046524971723557,0.637665867805481,0.8520880937576294,-0.027643008157610893,0.6453827619552612,0.9570094347000122,-0.03898533806204796,0.5962634682655334,0.9181283712387085,-0.03803156316280365,0.61989426612854,0.9001529216766357,-0.024010635912418365,0.6458294987678528,0.9026681184768677,-0.013532627373933792
Answer,20260726_153731_047623,29,0.7932566404342651,0.8584001064300537,-1.4648014712292934e-07,0.7438786029815674,0.7475033402442932,-0.014597439207136631,0.6678184866905212,0.671241819858551,-0.027998769655823708,0.6019705533981323,0.611447274684906,-0.03971219062805176,0.5634544491767883,0.5542630553245544,-0.050117503851652145,0.5977439284324646,0.7712271213531494,-0.024126989766955376,0.57020103931427,0.7375127673149109,-0.0417315773665905,0.6045421957969666,0.7316563725471497,-0.057986218482255936,0.6348223090171814,0.7421391606330872,-0.06763888150453568,0.6005943417549133,0.8457513451576233,-0.023244915530085564,0.5718666315078735,0.8030077815055847,-0.03086358681321144,0.6052849888801575,0.7916128635406494,-0.03709089756011963,0.6379299759864807,0.8009607791900635,-0.04320824146270752,0.6133376359939575,0.9056459665298462,-0.02257554605603218,0.5821828246116638,0.8631486892700195,-0.02543114870786667,0.6104953289031982,0.8526077270507812,-0.01781359687447548,0.6397861242294312,0.8592422604560852,-0.014438112266361713,0.6296567916870117,0.9547127485275269,-0.023311281576752663,0.5946496725082397,0.9173270463943481,-0.02209344319999218,0.6189281344413757,0.901764988899231,-0.009374245069921017,0.6427600979804993,0.9030312895774841,0.0006172170396894217
Answer,20260726_153731_047623,30,0.7866054177284241,0.8300527334213257,-9.148129009872719e-08,0.7465194463729858,0.7231537699699402,-0.013045393861830235,0.6777751445770264,0.6492854952812195,-0.023412976413965225,0.6171382069587708,0.5932681560516357,-0.033475108444690704,0.5813082456588745,0.5372706651687622,-0.0418112576007843,0.5948689579963684,0.7253652811050415,-0.01436188817024231,0.5495129227638245,0.694491982460022,-0.02956637367606163,0.5661323666572571,0.6802579760551453,-0.044291820377111435,0.5860849618911743,0.6823503971099854,-0.053245533257722855,0.5897899270057678,0.7907393574714661,-0.013402743265032768,0.5692951679229736,0.73915696144104,-0.022425580769777298,0.6015979051589966,0.7237792611122131,-0.029564261436462402,0.6320797204971313,0.7334081530570984,-0.0345115102827549,0.5983505249023438,0.8442524075508118,-0.013179401867091656,0.5834315419197083,0.7861453294754028,-0.015877708792686462,0.6100203394889832,0.7734065055847168,-0.00924588367342949,0.6363596320152283,0.7813085317611694,-0.005683591589331627,0.6114349365234375,0.8895442485809326,-0.014995083212852478,0.5953606367111206,0.8343507051467896,-0.013110525906085968,0.618645191192627,0.8194257020950317,-0.0026250993832945824,0.6395719647407532,0.8235354423522949,0.006349123548716307
Answer,20260726_153731_047623,31,0.7887243032455444,0.8037745952606201,-1.92712022339947e-07,0.7499874234199524,0.7098795175552368,-0.009209206327795982,0.6833481788635254,0.6357711553573608,-0.023301394656300545,0.6229576468467712,0.5799108147621155,-0.03578262776136398,0.5825211405754089,0.5305072069168091,-0.04593868926167488,0.6648355722427368,0.6893765926361084,-0.043193425983190536,0.5751292705535889,0.6671138405799866,-0.06929417699575424,0.5958980917930603,0.6592211723327637,-0.08123550564050674,0.6297396421432495,0.6661994457244873,-0.08305615186691284,0.6577100157737732,0.7531023621559143,-0.043736886233091354,0.5748580694198608,0.7213658094406128,-0.058441758155822754,0.5968097448348999,0.7091332077980042,-0.05904911831021309,0.6287774443626404,0.7142931222915649,-0.0589359775185585,0.6514672636985779,0.8078846335411072,-0.04375603795051575,0.5820614695549011,0.767905592918396,-0.04892871901392937,0.603420078754425,0.7563641667366028,-0.037180062383413315,0.6318866610527039,0.7618838548660278,-0.03036281280219555,0.6445799469947815,0.8538910746574402,-0.04452410340309143,0.591759979724884,0.8137326240539551,-0.044047046452760696,0.6115289926528931,0.8009538054466248,-0.03244303539395332,0.6353363990783691,0.8051902055740356,-0.02408774010837078
Answer,20260726_153731_047623,32,0.7750176191329956,0.8028693795204163,-8.789129424258135e-08,0.7414074540138245,0.7029514908790588,-0.013513976708054543,0.6764591336250305,0.627342164516449,-0.024713758379220963,0.6175729036331177,0.5766022205352783,-0.03342067822813988,0.582084059715271,0.5269047617912292,-0.04011869058012962,0.6401728987693787,0.6983533501625061,-0.035134490579366684,0.5738552212715149,0.6749409437179565,-0.05505790561437607,0.5983600616455078,0.6619741916656494,-0.06612228602170944,0.6278735399246216,0.6660441756248474,-0.06953084468841553,0.6335583329200745,0.7614467144012451,-0.03255600854754448,0.577133297920227,0.719333291053772,-0.043768659234046936,0.6061682105064392,0.7054110765457153,-0.04467485472559929,0.6379234790802002,0.7151434421539307,-0.04531131684780121,0.6329345703125,0.8126126527786255,-0.0300601776689291,0.5852535963058472,0.7648528218269348,-0.03430040925741196,0.6105363965034485,0.7536514401435852,-0.023807046934962273,0.6383371949195862,0.7622494101524353,-0.01776958629488945,0.634840190410614,0.8557754755020142,-0.02883058786392212,0.5964572429656982,0.8085524439811707,-0.029654191806912422,0.617705762386322,0.7967339754104614,-0.019628344103693962,0.6390839219093323,0.8044622540473938,-0.011884278617799282
Answer,20260726_153731_047623,33,0.7723320722579956,0.7823489904403687,-1.4691457295157306e-07,0.7408827543258667,0.6908106207847595,-0.00805733073502779,0.6779980659484863,0.6242074370384216,-0.019590724259614944,0.6206158399581909,0.5746745467185974,-0.028882060199975967,0.5844061374664307,0.5276576280593872,-0.03649736940860748,0.6706708073616028,0.6754534840583801,-0.044597312808036804,0.5864483714103699,0.654398500919342,-0.06364665180444717,0.6051639914512634,0.6541662812232971,-0.06908918917179108,0.632427990436554,0.6586362719535828,-0.06848745793104172,0.6624364256858826,0.738072395324707,-0.04518550634384155,0.5819569826126099,0.7012929916381836,-0.05562354251742363,0.6047927737236023,0.6968039870262146,-0.05129033699631691,0.6339068412780762,0.7047756314277649,-0.04865612834692001,0.6556923985481262,0.7919186353683472,-0.044577568769454956,0.5836549997329712,0.7511245608329773,-0.047191984951496124,0.6060568690299988,0.7451223134994507,-0.03266333043575287,0.633043646812439,0.7520937919616699,-0.024825388565659523,0.6491630673408508,0.8364823460578918,-0.044413380324840546,0.5919373631477356,0.7964263558387756,-0.04304724186658859,0.6105608344078064,0.790087878704071,-0.03048224002122879,0.6319383978843689,0.798121988773346,-0.022491391748189926
Answer,20260726_153731_047623,34,0.7601969242095947,0.7677205204963684,-6.402865437848959e-08,0.7338248491287231,0.6854678392410278,-0.004314096178859472,0.6737152338027954,0.6245347261428833,-0.013225958682596684,0.6189019083976746,0.5797600746154785,-0.020570972934365273,0.5858558416366577,0.5370297431945801,-0.0279975775629282,0.6613035798072815,0.6601086258888245,-0.040946196764707565,0.5808361768722534,0.6531721949577332,-0.05562063306570053,0.5830236673355103,0.6528253555297852,-0.059477075934410095,0.5991197824478149,0.6541607975959778,-0.05929103121161461,0.6525750756263733,0.7168630957603455,-0.04265287145972252,0.5828313231468201,0.695047914981842,-0.0503983274102211,0.6018006801605225,0.6886699199676514,-0.04582205414772034,0.6294211149215698,0.6929448843002319,-0.04402400180697441,0.647522509098053,0.7694371342658997,-0.04250568896532059,0.5863676071166992,0.7421507835388184,-0.043901704251766205,0.6043435335159302,0.7340795993804932,-0.030784212052822113,0.6293044686317444,0.7379685640335083,-0.02475653402507305,0.6434127688407898,0.8166470527648926,-0.04229277744889259,0.5934944152832031,0.7861111164093018,-0.042016442865133286,0.6108123064041138,0.7770308256149292,-0.030626380816102028,0.6316795945167542,0.7811121940612793,-0.02338803932070732
Answer,20260726_153731_047623,35,0.7570034861564636,0.7654274106025696,-3.748453991647693e-08,0.7296494245529175,0.6832165122032166,-0.007807175628840923,0.6711307168006897,0.6210373640060425,-0.018788659945130348,0.6181153655052185,0.5779265761375427,-0.027688097208738327,0.5828680396080017,0.536323070526123,-0.03665412217378616,0.6621750593185425,0.6662346720695496,-0.04563745856285095,0.5821428298950195,0.6577986478805542,-0.06274447590112686,0.5885490775108337,0.6496564149856567,-0.06809486448764801,0.6078017354011536,0.6460435390472412,-0.06841100752353668,0.6563600301742554,0.7254382371902466,-0.04684576019644737,0.5836653709411621,0.7018300890922546,-0.05634016543626785,0.6014889478683472,0.691216766834259,-0.05297529697418213,0.6289323568344116,0.6958652138710022,-0.05192539095878601,0.6540755033493042,0.7779317498207092,-0.046527840197086334,0.587847888469696,0.7495282888412476,-0.05001503974199295,0.604904294013977,0.7378556132316589,-0.03798052668571472,0.6307490468025208,0.7417493462562561,-0.031963884830474854,0.6523608565330505,0.8228981494903564,-0.04639227315783501,0.5971233248710632,0.7937197685241699,-0.04796900227665901,0.611314058303833,0.7807164788246155,-0.03759836032986641,0.6325616240501404,0.7841277718544006,-0.03070777654647827
Answer,20260726_153731_047623,36,0.755685567855835,0.7667288780212402,-1.0286390761393704e-07,0.7295119166374207,0.6847656965255737,-0.007649348583072424,0.6724032163619995,0.6235315799713135,-0.018208982422947884,0.6201218366622925,0.5808177590370178,-0.02702142670750618,0.5849575996398926,0.5411811470985413,-0.035180382430553436,0.6600848436355591,0.6648489236831665,-0.041879843920469284,0.5824143290519714,0.65599524974823,-0.06100396811962128,0.6008561253547668,0.6522480845451355,-0.06791500002145767,0.6295369863510132,0.6536151766777039,-0.06816389411687851,0.6547271609306335,0.7240157723426819,-0.04280031844973564,0.5831917524337769,0.7017446160316467,-0.05269305408000946,0.6035277247428894,0.6951392889022827,-0.05004538595676422,0.6313890814781189,0.7014097571372986,-0.04886237159371376,0.6521618962287903,0.7769981026649475,-0.042768992483615875,0.5872812867164612,0.7497355937957764,-0.046747732907533646,0.6064924001693726,0.7413660287857056,-0.03523213043808937,0.6326103210449219,0.7459585666656494,-0.02889474853873253,0.6502588987350464,0.8228178024291992,-0.0429658479988575,0.5959113836288452,0.7942710518836975,-0.04445623606443405,0.6118729114532471,0.784193217754364,-0.034180618822574615,0.633145272731781,0.7879848480224609,-0.026972102001309395
Answer,20260726_153731_047623,37,0.7484516501426697,0.7480422854423523,1.0048358234371335e-07,0.7200937867164612,0.6716330051422119,-0.00761501444503665,0.6598286032676697,0.6118959188461304,-0.01833772286772728,0.6088581681251526,0.5709404945373535,-0.026693016290664673,0.5744875073432922,0.5308109521865845,-0.03646354377269745,0.6584630608558655,0.6433089971542358,-0.04685517027974129,0.577898383140564,0.6430838704109192,-0.06094088777899742,0.5483115315437317,0.6373382806777954,-0.06415323913097382,0.5332282781600952,0.634715735912323,-0.06511418521404266,0.6521808505058289,0.7002508044242859,-0.04905451089143753,0.576948344707489,0.6854131817817688,-0.061622075736522675,0.5910009741783142,0.6741436719894409,-0.05804116278886795,0.6173607707023621,0.6747740507125854,-0.05567904934287071,0.6494425535202026,0.7528949975967407,-0.04904530569911003,0.5804446339607239,0.7308995723724365,-0.0548708550632,0.5957822203636169,0.7199957370758057,-0.04104378819465637,0.6207583546638489,0.7207591533660889,-0.03318546712398529,0.6466939449310303,0.7998355627059937,-0.04933954030275345,0.591036319732666,0.7740399241447449,-0.05298420786857605,0.6052340865135193,0.7614018321037292,-0.0424613393843174,0.626025378704071,0.763475775718689,-0.0352238304913044
Answer,20260726_153731_047623,38,0.741672158241272,0.7265421152114868,8.034523091282608e-08,0.7101629376411438,0.6557013988494873,-0.00750318355858326,0.6472090482711792,0.602064311504364,-0.017357246950268745,0.5970073938369751,0.5689069628715515,-0.02542155608534813,0.5657685995101929,0.5286193490028381,-0.03543698415160179,0.6424157023429871,0.6284582614898682,-0.04231715202331543,0.5617955923080444,0.6368305087089539,-0.05504859611392021,0.5181155204772949,0.640421986579895,-0.05866435542702675,0.48497694730758667,0.6444752216339111,-0.06162761524319649,0.6425508856773376,0.6833403706550598,-0.04588060826063156,0.5711948871612549,0.6805592775344849,-0.06307989358901978,0.5894799828529358,0.6721225380897522,-0.061383206397295,0.6171239614486694,0.6711254119873047,-0.059017885476350784,0.6454502940177917,0.7348607778549194,-0.0473504513502121,0.5790448188781738,0.726449728012085,-0.059236638247966766,0.599192202091217,0.7182080149650574,-0.04563312977552414,0.6267275810241699,0.7164590954780579,-0.035973310470581055,0.6474059820175171,0.7823387384414673,-0.04918074235320091,0.5930356979370117,0.766974151134491,-0.05848746746778488,0.6105259656906128,0.7567702531814575,-0.0494803711771965,0.6338768601417542,0.7568865418434143,-0.04206410422921181
Answer,20260726_153731_047623,39,0.7429447174072266,0.7301915287971497,1.855072184753226e-08,0.7099418640136719,0.660475492477417,-0.007279117591679096,0.6484865546226501,0.6052341461181641,-0.017486287280917168,0.5985900163650513,0.5673660039901733,-0.02580920420587063,0.5648987293243408,0.5311797857284546,-0.0359824001789093,0.6466559767723083,0.6253211498260498,-0.04380204901099205,0.5672736167907715,0.6361249685287476,-0.057010848075151443,0.5285729169845581,0.6418867707252502,-0.060484062880277634,0.5013335347175598,0.6476089358329773,-0.06281215697526932,0.6471840739250183,0.6791147589683533,-0.04740897938609123,0.5726916790008545,0.6816245913505554,-0.06288197636604309,0.5870742201805115,0.6754964590072632,-0.060971301048994064,0.613659679889679,0.6738808751106262,-0.05927092209458351,0.6489270925521851,0.7311564683914185,-0.04894523695111275,0.5800566673278809,0.7264384627342224,-0.059761229902505875,0.5969005227088928,0.720154345035553,-0.0473756305873394,0.6235544681549072,0.7187177538871765,-0.03912835568189621,0.648965060710907,0.7800320982933044,-0.05067724734544754,0.5928380489349365,0.7669283151626587,-0.0588681660592556,0.6092760562896729,0.7575555443763733,-0.04986812546849251,0.6331111192703247,0.7579846382141113,-0.042896054685115814
Answer,20260726_153731_047623,40,0.7418749332427979,0.717060387134552,6.360367166280412e-08,0.7060596346855164,0.6504006385803223,-0.007072600070387125,0.6420203447341919,0.599348783493042,-0.016463497653603554,0.5900844931602478,0.5676488876342773,-0.023890597745776176,0.5553537011146545,0.5332127213478088,-0.03317489102482796,0.6391251087188721,0.6231412291526794,-0.04100961238145828,0.5645716786384583,0.636454701423645,-0.05319951847195625,0.5232773423194885,0.6430898308753967,-0.057478953152894974,0.49172264337539673,0.6506496071815491,-0.06088615208864212,0.6388658285140991,0.6772527694702148,-0.04428398236632347,0.5682395696640015,0.6829832196235657,-0.05706227198243141,0.5815345048904419,0.673588216304779,-0.05463589355349541,0.6068457365036011,0.6697356104850769,-0.053407955914735794,0.6418321132659912,0.7294694185256958,-0.04552209749817848,0.5754585862159729,0.7265596985816956,-0.05460892245173454,0.5920681953430176,0.7163554430007935,-0.041646938771009445,0.618186891078949,0.7130635380744934,-0.03359632566571236,0.6439630389213562,0.7782005667686462,-0.04705270752310753,0.5904122591018677,0.7663365006446838,-0.05434003472328186,0.6056782603263855,0.753091037273407,-0.044779010117053986,0.6280170679092407,0.7509403228759766,-0.0375077985227108
Answer,20260726_153731_047623,41,0.7370969653129578,0.7164373397827148,8.829574227320336e-08,0.702498197555542,0.6505361795425415,-0.00826447643339634,0.6392641067504883,0.5998777747154236,-0.01896716095507145,0.5873554944992065,0.567121148109436,-0.027416130527853966,0.5523684620857239,0.5316428542137146,-0.038046445697546005,0.6387837529182434,0.6209869384765625,-0.04690729081630707,0.559841513633728,0.6367091536521912,-0.05998238921165466,0.515091061592102,0.6456090211868286,-0.06380309909582138,0.4807077646255493,0.6550443172454834,-0.06673368811607361,0.6391167640686035,0.6749486923217773,-0.04976837337017059,0.5670300722122192,0.6828238368034363,-0.0636071115732193,0.5777440071105957,0.6733794212341309,-0.06054089963436127,0.6010332703590393,0.6686868071556091,-0.058749839663505554,0.6426984667778015,0.7279146313667297,-0.05040072277188301,0.5741164088249207,0.7271281480789185,-0.05946040898561478,0.5889872312545776,0.7174211740493774,-0.04572393000125885,0.6146726608276367,0.7135366201400757,-0.037181686609983444,0.6454491019248962,0.777297854423523,-0.05143832787871361,0.5897589325904846,0.7672844529151917,-0.058675624430179596,0.6025885939598083,0.7536201477050781,-0.04924754425883293,0.6241018176078796,0.7507311701774597,-0.04211549088358879
Answer,20260726_153731_047623,42,0.7342567443847656,0.7166821956634521,-1.1603439986629382e-07,0.6987783908843994,0.6503729820251465,-0.00540605653077364,0.6378901600837708,0.6012790203094482,-0.01582782156765461,0.5862693190574646,0.568451464176178,-0.025027021765708923,0.5509182810783386,0.5359616279602051,-0.03468291833996773,0.6366318464279175,0.6255915760993958,-0.0433218777179718,0.559516966342926,0.6400453448295593,-0.06023065745830536,0.5691547989845276,0.6392547488212585,-0.0657569095492363,0.5884411931037903,0.6317874193191528,-0.06698182970285416,0.6406028866767883,0.6799757480621338,-0.04681841656565666,0.5661338567733765,0.6856430172920227,-0.058297768235206604,0.583035409450531,0.6800534725189209,-0.055631574243307114,0.6095625758171082,0.6776085495948792,-0.05489262938499451,0.643903374671936,0.730581521987915,-0.048706114292144775,0.576803982257843,0.7293255925178528,-0.05623772740364075,0.5963447690010071,0.7204303741455078,-0.04401586949825287,0.6228083968162537,0.7179944515228271,-0.03686489164829254,0.6456107497215271,0.7768093347549438,-0.05053750425577164,0.5907366871833801,0.7666605710983276,-0.056071918457746506,0.607521116733551,0.7555320262908936,-0.04591992497444153,0.6299599409103394,0.7548970580101013,-0.038421567529439926
Answer,20260726_153731_047623,43,0.7305445671081543,0.7143391370773315,-1.3852796598712303e-07,0.6951736211776733,0.6471158862113953,-0.004484985955059528,0.6349485516548157,0.5987303256988525,-0.014598964713513851,0.5829080939292908,0.5682512521743774,-0.0233650803565979,0.546619176864624,0.537507176399231,-0.03267671540379524,0.6332865357398987,0.6230447888374329,-0.04256781190633774,0.5593628883361816,0.6400604248046875,-0.05846833437681198,0.5700821280479431,0.6412707567214966,-0.06351307034492493,0.5888409614562988,0.6362867951393127,-0.06459523737430573,0.6371915340423584,0.6766973733901978,-0.04620187357068062,0.56612229347229,0.684491753578186,-0.056111130863428116,0.5836330056190491,0.6795975565910339,-0.05234762281179428,0.6098178029060364,0.6774818301200867,-0.051288869231939316,0.6409854292869568,0.7272725701332092,-0.048154011368751526,0.5764026045799255,0.7277254462242126,-0.05406581610441208,0.595743715763092,0.7194650769233704,-0.04120238497853279,0.6214287281036377,0.7164950966835022,-0.034223251044750214,0.643927812576294,0.7740708589553833,-0.049974311143159866,0.5898764729499817,0.7658496499061584,-0.05429314076900482,0.6063395142555237,0.7562357187271118,-0.04369444400072098,0.6279463768005371,0.7551790475845337,-0.03628227487206459
Answer,20260726_153731_047623,44,0.7301427125930786,0.7147583961486816,-1.1497636620561025e-07,0.6959910988807678,0.6470395922660828,-0.005530831404030323,0.6349256634712219,0.5988836884498596,-0.01543727982789278,0.5823462009429932,0.5691737532615662,-0.023722385987639427,0.5458693504333496,0.5378936529159546,-0.03268298879265785,0.6334645748138428,0.6229527592658997,-0.04238742217421532,0.5584104657173157,0.6394690275192261,-0.05673753470182419,0.5609471201896667,0.6427675485610962,-0.06057370454072952,0.5726975202560425,0.639979898929596,-0.06158476695418358,0.6371428370475769,0.676395833492279,-0.045729558914899826,0.5656991600990295,0.6840569376945496,-0.056247465312480927,0.5835501551628113,0.6786870360374451,-0.05271919071674347,0.6102616786956787,0.6764794588088989,-0.05150511860847473,0.6410205364227295,0.7265734076499939,-0.047312621027231216,0.5760260820388794,0.7271167039871216,-0.05392523854970932,0.5954848527908325,0.7181802988052368,-0.04132932052016258,0.6213700175285339,0.7149757146835327,-0.03435126692056656,0.6437937617301941,0.7730286717414856,-0.04883542284369469,0.5897951722145081,0.7653709053993225,-0.053988032042980194,0.606586217880249,0.7556714415550232,-0.04397681728005409,0.628487765789032,0.7543500065803528,-0.03693646565079689
Answer,20260726_153731_047623,45,0.729036808013916,0.7112423181533813,-1.560925824151127e-07,0.6929660439491272,0.6451473236083984,-0.003413668368011713,0.6343441009521484,0.5986438989639282,-0.012601322494447231,0.583443820476532,0.5681664347648621,-0.021037522703409195,0.5477970838546753,0.5389281511306763,-0.029521958902478218,0.6279757022857666,0.624543309211731,-0.036292076110839844,0.5591474771499634,0.6395878195762634,-0.053018856793642044,0.5775170922279358,0.6402201056480408,-0.05949981510639191,0.6022560000419617,0.6348758935928345,-0.06101474538445473,0.6315025687217712,0.6778470873832703,-0.04033312574028969,0.5656875371932983,0.6835144758224487,-0.05001576617360115,0.5854102969169617,0.6804407238960266,-0.047111302614212036,0.6114590167999268,0.6789821982383728,-0.04624902084469795,0.635616660118103,0.7276759147644043,-0.04318627342581749,0.5778818130493164,0.7268285155296326,-0.04897281900048256,0.5975198149681091,0.7197262644767761,-0.03681517019867897,0.6219587922096252,0.7169939279556274,-0.029979145154356956,0.6392723917961121,0.7726479768753052,-0.045911263674497604,0.5899623036384583,0.7641438245773315,-0.0490487739443779,0.6068766713142395,0.7555715441703796,-0.03775287792086601,0.6273031830787659,0.754502534866333,-0.029640579596161842
Answer,20260726_153731_047623,46,0.727422297000885,0.7166470885276794,2.5566189165715514e-08,0.6927250623703003,0.6505880951881409,-0.007286660838872194,0.632544219493866,0.6047896146774292,-0.01692507043480873,0.5830432176589966,0.5739847421646118,-0.02478189207613468,0.5475887656211853,0.5417729616165161,-0.034167371690273285,0.6259821057319641,0.6277222037315369,-0.039616577327251434,0.5529553890228271,0.6449483633041382,-0.05013076588511467,0.5217583775520325,0.6521998643875122,-0.05149417370557785,0.499979704618454,0.6563351154327393,-0.05246419459581375,0.6288056373596191,0.680438756942749,-0.04214954003691673,0.5644996762275696,0.6881466507911682,-0.054286543279886246,0.580215334892273,0.6822237968444824,-0.05042392760515213,0.6048656702041626,0.6797738671302795,-0.04759630933403969,0.6336942911148071,0.7302634716033936,-0.04298785328865051,0.5751863121986389,0.7305127382278442,-0.051347486674785614,0.5926797986030579,0.7225146293640137,-0.03883014991879463,0.6172900795936584,0.7185338735580444,-0.030811849981546402,0.6372632384300232,0.7759525179862976,-0.044078342616558075,0.5881090760231018,0.7678052186965942,-0.050309620797634125,0.6040126085281372,0.7573376893997192,-0.041357360780239105,0.6253349781036377,0.7551512122154236,-0.03457658737897873
Answer,20260726_153731_047623,47,0.7288923859596252,0.7167452573776245,-6.194596124942109e-08,0.6922683119773865,0.6504825353622437,-0.004741724580526352,0.6332800388336182,0.6050094366073608,-0.013440249487757683,0.5835641026496887,0.5731605887413025,-0.021033262833952904,0.549399197101593,0.5417621731758118,-0.029607318341732025,0.6250634789466858,0.628082275390625,-0.035353876650333405,0.5553503036499023,0.6442874073982239,-0.04699847847223282,0.546914279460907,0.6475626230239868,-0.05006232112646103,0.5490111708641052,0.6451988816261292,-0.05125781148672104,0.6280502676963806,0.6804060935974121,-0.03847216069698334,0.5647481679916382,0.6873470544815063,-0.04807526618242264,0.5803372263908386,0.6826952695846558,-0.04517030343413353,0.6050060391426086,0.6805375218391418,-0.04405500739812851,0.6322065591812134,0.7295083999633789,-0.04000432416796684,0.5748184323310852,0.7284569144248962,-0.045828621834516525,0.5918958783149719,0.7206200957298279,-0.03439624235033989,0.6160229444503784,0.7181028127670288,-0.028059693053364754,0.6352732181549072,0.7750024199485779,-0.04161876067519188,0.5874331593513489,0.7643051147460938,-0.0461750328540802,0.6033181548118591,0.754244327545166,-0.03701784834265709,0.6236534118652344,0.7532186508178711,-0.030330708250403404
Answer,20260726_153731_047623,48,0.7276972532272339,0.7234353423118591,-1.1399072796791643e-08,0.694082498550415,0.658497154712677,-0.004624964203685522,0.6353904008865356,0.6093224883079529,-0.01249388512223959,0.5870975852012634,0.5749802589416504,-0.019097283482551575,0.5541973114013672,0.5436241626739502,-0.027153965085744858,0.6314851641654968,0.6316421031951904,-0.03587128594517708,0.5612488389015198,0.6437233090400696,-0.04659672826528549,0.536194384098053,0.6472029685974121,-0.04866894334554672,0.5220092535018921,0.6481272578239441,-0.04966661334037781,0.6320127248764038,0.682758629322052,-0.03941752016544342,0.5688930153846741,0.6883383393287659,-0.04986080154776573,0.5838068723678589,0.6829825639724731,-0.046621743589639664,0.6077193021774292,0.6801828742027283,-0.04495847970247269,0.6350898742675781,0.731795072555542,-0.041246198117733,0.5774579048156738,0.729146420955658,-0.04798659682273865,0.593468427658081,0.7228795289993286,-0.03611970692873001,0.6166872382164001,0.7205324172973633,-0.0292967539280653,0.637408971786499,0.7777535915374756,-0.043088387697935104,0.5900917649269104,0.7663469910621643,-0.047529980540275574,0.605738639831543,0.7575076818466187,-0.03789874538779259,0.6260138750076294,0.7573080658912659,-0.031175116077065468
Answer,20260726_153731_047623,49,0.7219953536987305,0.7397130131721497,1.0164740160689689e-07,0.6981605887413025,0.6740192174911499,-0.007169216871261597,0.6448113918304443,0.6250328421592712,-0.015404095873236656,0.5967283844947815,0.5969837307929993,-0.021401166915893555,0.5648921728134155,0.5756151676177979,-0.028769537806510925,0.6368313431739807,0.6337381601333618,-0.042937271296978,0.5667420029640198,0.6207152605056763,-0.05813638120889664,0.5237017869949341,0.626243531703949,-0.06345942616462708,0.49199387431144714,0.6363410353660583,-0.06649039685726166,0.630874752998352,0.685778021812439,-0.0452900193631649,0.5670480728149414,0.6846956014633179,-0.059262875467538834,0.5782546997070312,0.6791871190071106,-0.05567697808146477,0.6010327339172363,0.6753872632980347,-0.05272771790623665,0.6295862197875977,0.7363942265510559,-0.04579829052090645,0.5751497745513916,0.7280258536338806,-0.05591462925076485,0.5901395678520203,0.7216266989707947,-0.04279335215687752,0.6129469871520996,0.7205023169517517,-0.03377412632107735,0.6297248601913452,0.7817237377166748,-0.04643864929676056,0.5859586000442505,0.7651285529136658,-0.05244305357336998,0.6001170873641968,0.7562987208366394,-0.041571974754333496,0.618927538394928,0.7568057179450989,-0.03305746987462044
Time,20260726_153855_998324,0,0.3897411823272705,0.6115818619728088,2.0164343084161374e-07,0.43854957818984985,0.6177135705947876,-0.00939332228153944,0.48408952355384827,0.6313512325286865,-0.023567480966448784,0.5133435130119324,0.6597645282745361,-0.039286863058805466,0.5341523885726929,0.6843209266662598,-0.05681701377034187,0.4974524974822998,0.5774174928665161,-0.031988583505153656,0.5238328576087952,0.6541303396224976,-0.05553347244858742,0.5399156212806702,0.6962977051734924,-0.07328914850950241,0.5541545152664185,0.7309736609458923,-0.08627686649560928,0.46365422010421753,0.5665616989135742,-0.04150938242673874,0.48202913999557495,0.6702002286911011,-0.06362241506576538,0.4756788909435272,0.6769689321517944,-0.07228250056505203,0.47212040424346924,0.6651396751403809,-0.07993404567241669,0.42530831694602966,0.5698910355567932,-0.051806267350912094,0.4382443130016327,0.6637609004974365,-0.07072755694389343,0.4393232762813568,0.6715201735496521,-0.07045172899961472,0.44443756341934204,0.6614817976951599,-0.07050606608390808,0.3892025351524353,0.5815904140472412,-0.06354139745235443,0.3991086483001709,0.6513551473617554,-0.07568679749965668,0.4029679596424103,0.6545729637145996,-0.07342623919248581,0.4060571789741516,0.6385294198989868,-0.07180166989564896
Time,20260726_153855_998324,1,0.3897295594215393,0.6018826961517334,3.1904966135698487e-07,0.43607139587402344,0.6168650388717651,-0.011110645718872547,0.48065081238746643,0.6308973431587219,-0.02571471594274044,0.5107511281967163,0.6597325801849365,-0.04099912941455841,0.5314357280731201,0.6847338080406189,-0.057954609394073486,0.4955231547355652,0.5773869156837463,-0.03387076035141945,0.519744873046875,0.648696780204773,-0.05847331881523132,0.5344390273094177,0.6910576224327087,-0.07636202126741409,0.550195574760437,0.7259919047355652,-0.08898573368787766,0.4638952314853668,0.56797856092453,-0.04229828715324402,0.48303794860839844,0.6670113801956177,-0.06564776599407196,0.4724304974079132,0.6779594421386719,-0.0738324224948883,0.4688306450843811,0.6682718396186829,-0.07998497784137726,0.4277636408805847,0.5704372525215149,-0.051455382257699966,0.4423378109931946,0.662430465221405,-0.07054943591356277,0.43834415078163147,0.6743497848510742,-0.06788265705108643,0.44031551480293274,0.6666384339332581,-0.06559544801712036,0.39316463470458984,0.5809640884399414,-0.062111563980579376,0.40560364723205566,0.6493386030197144,-0.07284468412399292,0.40644049644470215,0.6577261686325073,-0.06759773939847946,0.40773341059684753,0.6469124555587769,-0.06332578510046005
Time,20260726_153855_998324,2,0.3935786485671997,0.5882902145385742,3.443197158503608e-07,0.436676949262619,0.5995746850967407,-0.01282771397382021,0.47999414801597595,0.6175850629806519,-0.027697894722223282,0.5052604675292969,0.6522078514099121,-0.042721979320049286,0.5218138694763184,0.6771828532218933,-0.05849338695406914,0.4940991997718811,0.5498895049095154,-0.03723730891942978,0.514957845211029,0.6240954995155334,-0.06190342828631401,0.5300109386444092,0.6714146137237549,-0.08135313540697098,0.5460354685783386,0.7093128561973572,-0.09584812074899673,0.4622493088245392,0.5381661653518677,-0.04478397220373154,0.47190210223197937,0.6423770189285278,-0.06777878850698471,0.45744720101356506,0.6411484479904175,-0.07508494704961777,0.4526975154876709,0.6207550764083862,-0.08213971555233002,0.425032377243042,0.5430589318275452,-0.053170040249824524,0.4333440661430359,0.6395834684371948,-0.07128217071294785,0.42315366864204407,0.6336750388145447,-0.06605031341314316,0.42114460468292236,0.6117734313011169,-0.06328675150871277,0.3896881341934204,0.5555189847946167,-0.06364284455776215,0.4015492796897888,0.6308742761611938,-0.07569929212331772,0.3956735134124756,0.6242820620536804,-0.0707370713353157,0.3910631537437439,0.5999142527580261,-0.06709830462932587
Time,20260726_153855_998324,3,0.37814444303512573,0.5832735896110535,2.1171734942981857e-07,0.4262120723724365,0.6002103090286255,-0.01208161748945713,0.47528761625289917,0.6161778569221497,-0.025305571034550667,0.5085682272911072,0.64680016040802,-0.03923410922288895,0.5312802195549011,0.6758338809013367,-0.054006192833185196,0.4928094148635864,0.5471311211585999,-0.031086977571249008,0.5142138600349426,0.6183794140815735,-0.05691808462142944,0.5271629095077515,0.663905680179596,-0.0759534016251564,0.540884256362915,0.6994450688362122,-0.08888892084360123,0.46215951442718506,0.530786395072937,-0.03753935545682907,0.4716717004776001,0.6344387531280518,-0.06094822660088539,0.45387473702430725,0.6442979574203491,-0.06876682490110397,0.4441148638725281,0.6316785216331482,-0.07471556961536407,0.42530468106269836,0.531151294708252,-0.045468177646398544,0.4314754903316498,0.6340986490249634,-0.06528454273939133,0.42069414258003235,0.6382598280906677,-0.06398063153028488,0.41654837131500244,0.6233527660369873,-0.062185388058423996,0.3888319134712219,0.541149914264679,-0.0551375150680542,0.39742380380630493,0.6203499436378479,-0.06697268038988113,0.39384451508522034,0.6226797699928284,-0.0645008236169815,0.390872597694397,0.6048031449317932,-0.061707332730293274
Time,20260726_153855_998324,4,0.37994757294654846,0.5879101157188416,2.6555346721579554e-07,0.42727524042129517,0.6029452085494995,-0.013562086038291454,0.4764389097690582,0.6178014278411865,-0.02802400104701519,0.5089755654335022,0.6463176608085632,-0.04299376532435417,0.5313712358474731,0.6721459627151489,-0.05877520889043808,0.49168258905410767,0.546695351600647,-0.03414543718099594,0.5139733552932739,0.6190245151519775,-0.0606314018368721,0.5279105305671692,0.6644164323806763,-0.07992236316204071,0.5421807169914246,0.7005397081375122,-0.09312588721513748,0.460390567779541,0.5316096544265747,-0.040610142052173615,0.4720953702926636,0.6380979418754578,-0.0657423883676529,0.4553747773170471,0.6457213163375854,-0.07348040491342545,0.44742855429649353,0.629469633102417,-0.07911133766174316,0.4237953722476959,0.5324110984802246,-0.048518966883420944,0.43227192759513855,0.6348134875297546,-0.06964454054832458,0.42253899574279785,0.6371633410453796,-0.06714454293251038,0.41988199949264526,0.6189947724342346,-0.06437443196773529,0.38801535964012146,0.5416094660758972,-0.058327291160821915,0.3996947705745697,0.6204311847686768,-0.07164248824119568,0.39652419090270996,0.6234402060508728,-0.06847388297319412,0.3932282626628876,0.605144202709198,-0.06493154913187027
Time,20260726_153855_998324,5,0.3690188527107239,0.569705605506897,1.8672787405193958e-07,0.423481285572052,0.5881237387657166,-0.010516065172851086,0.4766218364238739,0.6110773086547852,-0.023235926404595375,0.5089349150657654,0.6513011455535889,-0.037389349192380905,0.5309265851974487,0.6821631789207458,-0.05270329490303993,0.4938795566558838,0.5519546270370483,-0.02860751375555992,0.5120446681976318,0.6287484169006348,-0.05293628200888634,0.5272372961044312,0.6722155213356018,-0.0727161169052124,0.5430130958557129,0.7082599401473999,-0.08698759973049164,0.46145111322402954,0.542367160320282,-0.036901745945215225,0.4673417806625366,0.650860071182251,-0.05802178382873535,0.45228520035743713,0.6449925899505615,-0.06593422591686249,0.44699758291244507,0.6224012970924377,-0.07323741912841797,0.4230726361274719,0.5450417399406433,-0.04669368639588356,0.4284130334854126,0.6479359269142151,-0.063331238925457,0.41746652126312256,0.6338921785354614,-0.06041937321424484,0.41550904512405396,0.6096144318580627,-0.058768633753061295,0.3849698603153229,0.5542113184928894,-0.058733537793159485,0.3949318528175354,0.6321629285812378,-0.07010447233915329,0.3890136480331421,0.6202468872070312,-0.06714112311601639,0.38412055373191833,0.5951158404350281,-0.06431485712528229
Time,20260726_153855_998324,6,0.3753110468387604,0.5679571628570557,3.9977152255232795e-07,0.42625361680984497,0.5871354937553406,-0.010749123990535736,0.46919241547584534,0.6178621053695679,-0.02821502275764942,0.48407384753227234,0.6653469800949097,-0.046610474586486816,0.48835110664367676,0.6965059041976929,-0.06614451110363007,0.4960932433605194,0.5567492842674255,-0.03750748187303543,0.5157366991043091,0.6433767676353455,-0.0639326423406601,0.530445396900177,0.6945514678955078,-0.0844886526465416,0.5441232323646545,0.7368184924125671,-0.09855521470308304,0.46033334732055664,0.5521038174629211,-0.04750089347362518,0.4755825698375702,0.6710943579673767,-0.0719333291053772,0.4646080732345581,0.6719179749488831,-0.07899650186300278,0.4608907997608185,0.6539704203605652,-0.08400384336709976,0.42080843448638916,0.5587202906608582,-0.057877544313669205,0.4322041869163513,0.6707854866981506,-0.0754314512014389,0.4279037117958069,0.6641767621040344,-0.06899304687976837,0.4292052388191223,0.6417842507362366,-0.063899464905262,0.3825608491897583,0.5712800621986389,-0.07022444903850555,0.3984174132347107,0.6565391421318054,-0.0784066841006279,0.3966970443725586,0.6480821967124939,-0.06906995177268982,0.393754243850708,0.6214455366134644,-0.06181147322058678
Time,20260726_153855_998324,7,0.37649044394493103,0.563317060470581,4.07980991212753e-07,0.4283663332462311,0.5824229717254639,-0.011647713370621204,0.4758397340774536,0.6136529445648193,-0.028954096138477325,0.49812841415405273,0.6558414697647095,-0.04645013436675072,0.5098435878753662,0.6856130361557007,-0.06477326154708862,0.4953579604625702,0.5583248138427734,-0.04044785723090172,0.5139719843864441,0.6423918604850769,-0.06704081594944,0.5286360383033752,0.6928049325942993,-0.08726999908685684,0.5413088798522949,0.7334383130073547,-0.10118034482002258,0.45881837606430054,0.5537731647491455,-0.05010435730218887,0.47559046745300293,0.6721106767654419,-0.07634665071964264,0.4662717580795288,0.6729941964149475,-0.08308619260787964,0.46156197786331177,0.6535307168960571,-0.08740029484033585,0.41963261365890503,0.5601310133934021,-0.06009877473115921,0.4314839243888855,0.6722801327705383,-0.0788714587688446,0.4284895062446594,0.6656215190887451,-0.07147102802991867,0.42976370453834534,0.6422603726387024,-0.06559351831674576,0.38161638379096985,0.5726587176322937,-0.07199610024690628,0.3970150947570801,0.657528817653656,-0.08078435063362122,0.39620405435562134,0.6481760740280151,-0.07145083695650101,0.3943655490875244,0.6200938820838928,-0.06435008347034454
Time,20260726_153855_998324,8,0.3786194324493408,0.5669288039207458,4.142437717291614e-07,0.4278360903263092,0.5804615616798401,-0.010339336469769478,0.47380754351615906,0.6099804639816284,-0.02704860456287861,0.4952753782272339,0.654120147228241,-0.043860454112291336,0.5082891583442688,0.6859628558158875,-0.061346542090177536,0.4950922131538391,0.556806743144989,-0.040527936071157455,0.5145307779312134,0.6412397027015686,-0.06573173403739929,0.5284332633018494,0.6932680010795593,-0.08523471653461456,0.5410451889038086,0.734768807888031,-0.09885869175195694,0.45886319875717163,0.5546162724494934,-0.05027403309941292,0.4747423231601715,0.670266330242157,-0.0749552771449089,0.4672926664352417,0.671236515045166,-0.0810813456773758,0.4636768102645874,0.652401864528656,-0.08570168912410736,0.4200294613838196,0.5624638795852661,-0.060079995542764664,0.43250980973243713,0.6711120009422302,-0.07650204002857208,0.4300591051578522,0.6665980815887451,-0.06815946102142334,0.43076378107070923,0.6452916860580444,-0.0626426711678505,0.38220784068107605,0.5754408836364746,-0.07175678014755249,0.39821183681488037,0.6585386395454407,-0.07897986471652985,0.39725005626678467,0.6514579057693481,-0.06927698850631714,0.39514797925949097,0.6256794929504395,-0.06248902529478073
Time,20260726_153855_998324,9,0.37704533338546753,0.5591332912445068,3.6415895010577515e-07,0.42731109261512756,0.5772162675857544,-0.008142910897731781,0.47655683755874634,0.6127756834030151,-0.0221552811563015,0.5008590221405029,0.6608706712722778,-0.036744505167007446,0.5143014192581177,0.6951000690460205,-0.052331846207380295,0.4942081868648529,0.5639732480049133,-0.03536946699023247,0.5128465294837952,0.6472644805908203,-0.059536103159189224,0.5268624424934387,0.6998281478881836,-0.07801058143377304,0.5379780530929565,0.7417733669281006,-0.09056384861469269,0.4588453769683838,0.5619648098945618,-0.045720141381025314,0.47480669617652893,0.6808407306671143,-0.07026306539773941,0.4647901952266693,0.686133086681366,-0.07677527517080307,0.45785459876060486,0.6696107387542725,-0.08061934262514114,0.42063695192337036,0.5688311457633972,-0.05601538345217705,0.4319298565387726,0.6782501935958862,-0.07296948879957199,0.426734983921051,0.6748331785202026,-0.0660901814699173,0.42514073848724365,0.6541908383369446,-0.0604453943669796,0.38299596309661865,0.5807154178619385,-0.06781996786594391,0.39756861329078674,0.6619701981544495,-0.07502765208482742,0.39567831158638,0.6538493633270264,-0.06561687588691711,0.39278680086135864,0.6280831098556519,-0.05842079594731331
Time,20260726_153855_998324,10,0.3758143484592438,0.5390619039535522,3.662475194232684e-07,0.4246472418308258,0.5538849234580994,-0.005815134849399328,0.47114095091819763,0.5987028479576111,-0.02058688923716545,0.49343159794807434,0.6496346592903137,-0.03587118908762932,0.5070549249649048,0.6830067038536072,-0.05249017849564552,0.49611788988113403,0.5746902823448181,-0.03955680504441261,0.5145002603530884,0.6593214869499207,-0.06360246241092682,0.5274295210838318,0.7110275030136108,-0.079852394759655,0.5381468534469604,0.7535511255264282,-0.09109223634004593,0.46248960494995117,0.5761022567749023,-0.05122244358062744,0.47234752774238586,0.7040359377861023,-0.07453398406505585,0.45858633518218994,0.701653242111206,-0.07635681331157684,0.45232152938842773,0.677691638469696,-0.07767288386821747,0.42306041717529297,0.5821160078048706,-0.06257523596286774,0.4281710982322693,0.6968763470649719,-0.07993298023939133,0.419672429561615,0.6820676922798157,-0.07061326503753662,0.41979697346687317,0.6523376703262329,-0.06425701826810837,0.38327187299728394,0.5891163349151611,-0.07494334131479263,0.39220619201660156,0.6772632598876953,-0.082124724984169,0.38674986362457275,0.6655966639518738,-0.07199301570653915,0.38383716344833374,0.6358864903450012,-0.06536126136779785
Time,20260726_153855_998324,11,0.3739016354084015,0.5441936254501343,3.493963447454007e-07,0.4225116968154907,0.5489599108695984,-0.0060904608108103275,0.47139087319374084,0.5948461890220642,-0.02049354277551174,0.4975559413433075,0.6506695747375488,-0.03448661044239998,0.508793830871582,0.6918290853500366,-0.04852037876844406,0.49367016553878784,0.5753446817398071,-0.04331701248884201,0.5172638297080994,0.6570987701416016,-0.06791581958532333,0.5285550355911255,0.7118334770202637,-0.08305089920759201,0.5367574691772461,0.7534741759300232,-0.09278865158557892,0.46127164363861084,0.5751201510429382,-0.05420665442943573,0.47376853227615356,0.7043219804763794,-0.08308432996273041,0.4595717489719391,0.6979457139968872,-0.08457847684621811,0.45027998089790344,0.6641709208488464,-0.08251074701547623,0.4239288568496704,0.5815102458000183,-0.06411827355623245,0.43033313751220703,0.6958713531494141,-0.08341620862483978,0.4208759069442749,0.678426206111908,-0.07121303677558899,0.4185759723186493,0.6434711217880249,-0.061209406703710556,0.38613343238830566,0.5894283056259155,-0.0748867616057396,0.3963349163532257,0.6782137155532837,-0.08232453465461731,0.3896675705909729,0.6612160205841064,-0.07020854949951172,0.3868727385997772,0.625801146030426,-0.06111111864447594
Time,20260726_153855_998324,12,0.3711833357810974,0.5141332745552063,3.189557560290268e-07,0.42059147357940674,0.5242278575897217,-0.004279037471860647,0.4643784463405609,0.579788088798523,-0.017793962731957436,0.47768253087997437,0.643427848815918,-0.03172964230179787,0.47964030504226685,0.6875976324081421,-0.04658389464020729,0.48913756012916565,0.5739113092422485,-0.04056981950998306,0.5110015869140625,0.6640050411224365,-0.0626402422785759,0.5218918323516846,0.7181956171989441,-0.07809529453516006,0.5305624008178711,0.7598242163658142,-0.08917407691478729,0.45502662658691406,0.5780162215232849,-0.05201774835586548,0.46207231283187866,0.7047910690307617,-0.07507455348968506,0.4515119194984436,0.6947731375694275,-0.07728978991508484,0.44705164432525635,0.6612122654914856,-0.07889910042285919,0.41670918464660645,0.5838373303413391,-0.06240203231573105,0.4235081374645233,0.6963606476783752,-0.07637897878885269,0.4163050055503845,0.6771475672721863,-0.06567351520061493,0.4146762788295746,0.6424745917320251,-0.05935559421777725,0.37814897298812866,0.5876496434211731,-0.07383670657873154,0.3884948492050171,0.6766248941421509,-0.07780922949314117,0.3824997544288635,0.6586305499076843,-0.06610173732042313,0.37869614362716675,0.6233510971069336,-0.05896323546767235
Time,20260726_153855_998324,13,0.37221506237983704,0.5135287046432495,2.985809146593965e-07,0.4221764802932739,0.5284771919250488,-0.005120961461216211,0.46726664900779724,0.5833242535591125,-0.020957378670573235,0.4811733067035675,0.646851658821106,-0.037219591438770294,0.47808051109313965,0.6925379633903503,-0.05350523069500923,0.49327486753463745,0.5751873254776001,-0.042529236525297165,0.5154913663864136,0.6645975708961487,-0.0669853538274765,0.5237903594970703,0.7194095253944397,-0.08284419029951096,0.5308586955070496,0.763031005859375,-0.093597412109375,0.4601626992225647,0.577851414680481,-0.05458172410726547,0.46427565813064575,0.704545795917511,-0.08373621851205826,0.4509892463684082,0.686366856098175,-0.08527856320142746,0.4461897909641266,0.6443076133728027,-0.08324580639600754,0.4220532476902008,0.5838304758071899,-0.06552375108003616,0.4280637502670288,0.6947391629219055,-0.08345707505941391,0.41806820034980774,0.672412633895874,-0.06883479654788971,0.4166746735572815,0.6343976259231567,-0.0574830137193203,0.38485053181648254,0.5895460844039917,-0.07745304703712463,0.3952575922012329,0.6787079572677612,-0.08247829973697662,0.3873950242996216,0.6592342853546143,-0.06732288748025894,0.3853280246257782,0.6228843331336975,-0.05651038885116577
Time,20260726_153855_998324,14,0.3663882613182068,0.4887673854827881,2.6556386956144706e-07,0.41697216033935547,0.507733166217804,-0.0052912551909685135,0.45614999532699585,0.5788151621818542,-0.02075965516269207,0.4610636532306671,0.6524111032485962,-0.03636987507343292,0.4512753188610077,0.6998690962791443,-0.05290980637073517,0.48203641176223755,0.5716623067855835,-0.046787578612565994,0.5062558650970459,0.6623286604881287,-0.07331116497516632,0.5161370038986206,0.7240959405899048,-0.0914805680513382,0.5248869061470032,0.7737451791763306,-0.1038057953119278,0.4456031620502472,0.5734562873840332,-0.05960635468363762,0.45210736989974976,0.7004905939102173,-0.09035273641347885,0.43974044919013977,0.6790395379066467,-0.09443981945514679,0.4374059736728668,0.6351354718208313,-0.09426866471767426,0.4050323963165283,0.5786803960800171,-0.07090145349502563,0.4151209592819214,0.6907014846801758,-0.0901106521487236,0.40590959787368774,0.6631550192832947,-0.0764748677611351,0.40523603558540344,0.6239434480667114,-0.06553743779659271,0.36534520983695984,0.5830909013748169,-0.0831778347492218,0.38127291202545166,0.6729776263237,-0.08802059292793274,0.37446659803390503,0.6487571597099304,-0.07194384187459946,0.37146246433258057,0.6120777726173401,-0.060447290539741516
Time,20260726_153855_998324,15,0.3639543950557709,0.47151118516921997,2.669545153821673e-07,0.416034996509552,0.4963163733482361,0.0006941041792742908,0.4550131857395172,0.5610236525535583,-0.015156051144003868,0.4655684232711792,0.6251360774040222,-0.030934276059269905,0.46423763036727905,0.673082709312439,-0.04730235040187836,0.4764467477798462,0.5670603513717651,-0.05313005670905113,0.4998604953289032,0.6666960120201111,-0.08144249767065048,0.5102749466896057,0.7312093377113342,-0.09816566109657288,0.5185662508010864,0.7823304533958435,-0.10836108028888702,0.43912777304649353,0.5682879686355591,-0.06689323484897614,0.44744011759757996,0.7033656239509583,-0.0969141498208046,0.4333515763282776,0.6831440925598145,-0.09491804242134094,0.42925941944122314,0.6424003839492798,-0.08970105648040771,0.3967060148715973,0.5721306204795837,-0.07789906859397888,0.4095922112464905,0.6899716258049011,-0.0964551717042923,0.3991546332836151,0.6638500690460205,-0.075590118765831,0.3952667713165283,0.6269707083702087,-0.05888775363564491,0.35553979873657227,0.5756454467773438,-0.08872342854738235,0.37379908561706543,0.6679584383964539,-0.0912732183933258,0.3676290214061737,0.6437130570411682,-0.06941961497068405,0.3638122081756592,0.608957827091217,-0.053357966244220734
Time,20260726_153855_998324,16,0.35851386189460754,0.46997469663619995,2.5633318045947817e-07,0.4112090766429901,0.49593448638916016,-0.0016358367865905166,0.45310837030410767,0.5639205574989319,-0.018651749938726425,0.46528056263923645,0.6293402314186096,-0.03572920709848404,0.4632057249546051,0.6781275272369385,-0.05316053330898285,0.4761369228363037,0.5651732683181763,-0.05448152497410774,0.49988996982574463,0.6675203442573547,-0.08312752842903137,0.5098262429237366,0.7296649813652039,-0.09906227886676788,0.5175762176513672,0.7798633575439453,-0.10880689322948456,0.43948397040367126,0.56325364112854,-0.06811212748289108,0.4455958604812622,0.7013488411903381,-0.10027927160263062,0.43077370524406433,0.6807651519775391,-0.0991893857717514,0.42699679732322693,0.6408230662345886,-0.0940394252538681,0.3974286615848541,0.5662771463394165,-0.07922866195440292,0.4086587131023407,0.6870841383934021,-0.09914068132638931,0.397352010011673,0.6605153679847717,-0.0784757137298584,0.3938455581665039,0.6235923171043396,-0.06135319545865059,0.35658836364746094,0.5701894760131836,-0.09051670879125595,0.3732064664363861,0.6675818562507629,-0.09391262382268906,0.36724987626075745,0.6453309655189514,-0.0729098692536354,0.36402279138565063,0.6108179092407227,-0.057365793734788895
Time,20260726_153855_998324,17,0.3576306998729706,0.4649456739425659,2.7073843966718414e-07,0.409941703081131,0.49360018968582153,-0.0011861188104376197,0.4512700140476227,0.5608007907867432,-0.018901996314525604,0.4624306857585907,0.6260737776756287,-0.03690972179174423,0.4599577784538269,0.6762077808380127,-0.055195219814777374,0.47597774863243103,0.5657112002372742,-0.054932981729507446,0.5009975433349609,0.6682500839233398,-0.08450668305158615,0.511151134967804,0.73160320520401,-0.10098539292812347,0.5187191963195801,0.7827316522598267,-0.11087111383676529,0.4401399791240692,0.5634039640426636,-0.06911593675613403,0.4468540549278259,0.7023647427558899,-0.10215948522090912,0.4312804937362671,0.6818375587463379,-0.10098733007907867,0.4266510307788849,0.6419731974601746,-0.09575527161359787,0.39808669686317444,0.5656937956809998,-0.0808032751083374,0.40858373045921326,0.6862696409225464,-0.10193713009357452,0.39702486991882324,0.6604343056678772,-0.08159361779689789,0.39344558119773865,0.6238673329353333,-0.06466250121593475,0.35635125637054443,0.5694873332977295,-0.09251668304204941,0.37272214889526367,0.6665422320365906,-0.09617447853088379,0.36669620871543884,0.643836498260498,-0.07478522509336472,0.3635706901550293,0.6084878444671631,-0.059002216905355453
Time,20260726_153855_998324,18,0.3596169948577881,0.4589565396308899,2.520708619613288e-07,0.41323786973953247,0.4888610243797302,-0.003028393257409334,0.4551452100276947,0.5592652559280396,-0.02035529352724552,0.4641905426979065,0.6279047131538391,-0.03788676857948303,0.4587442874908447,0.6799706220626831,-0.0559505820274353,0.4777880907058716,0.5636206865310669,-0.05424024164676666,0.4993118643760681,0.6694850921630859,-0.08197732269763947,0.50913006067276,0.7316505908966064,-0.09636742621660233,0.5178210735321045,0.782699704170227,-0.10516614466905594,0.44229286909103394,0.5613481998443604,-0.06737719476222992,0.4457765221595764,0.6974595785140991,-0.09798761457204819,0.43093612790107727,0.6741354465484619,-0.09518592059612274,0.42770257592201233,0.6337425112724304,-0.08940957486629486,0.4005805253982544,0.5627900958061218,-0.07843080163002014,0.4071328043937683,0.6800949573516846,-0.0980614721775055,0.3961297869682312,0.6510820984840393,-0.07813899964094162,0.3944850564002991,0.613927960395813,-0.062090590596199036,0.3588240146636963,0.5652674436569214,-0.08979887515306473,0.37211957573890686,0.660825252532959,-0.0932166650891304,0.36557891964912415,0.6368584632873535,-0.07317253202199936,0.3635515868663788,0.6020765900611877,-0.05881104990839958
Time,20260726_153855_998324,19,0.35795265436172485,0.4601514935493469,2.3898539325273305e-07,0.41236719489097595,0.4885580539703369,-0.0018027361948043108,0.45426005125045776,0.5589823126792908,-0.018928442150354385,0.4632684588432312,0.6278247833251953,-0.03610678389668465,0.4575836956501007,0.6806248426437378,-0.053861986845731735,0.4773142635822296,0.56304532289505,-0.05480477958917618,0.4994041919708252,0.6691014766693115,-0.08206072449684143,0.5093504190444946,0.7309460639953613,-0.0959172174334526,0.5179996490478516,0.7818752527236938,-0.10443980246782303,0.44146764278411865,0.5619515180587769,-0.06813004612922668,0.445852667093277,0.698632001876831,-0.0982520803809166,0.42986536026000977,0.6750284433364868,-0.09507200121879578,0.42593619227409363,0.6347612142562866,-0.0891004279255867,0.4000433385372162,0.5645172595977783,-0.07903359085321426,0.4074532687664032,0.6811937689781189,-0.09759625792503357,0.39563632011413574,0.6518909335136414,-0.07670161128044128,0.3935948610305786,0.6149800419807434,-0.06025595963001251,0.3591953217983246,0.5673925280570984,-0.09014089405536652,0.3732360303401947,0.6622572541236877,-0.0927935540676117,0.36622148752212524,0.6380919218063354,-0.07210029661655426,0.3640366196632385,0.6038373708724976,-0.057389117777347565
Time,20260726_153855_998324,20,0.3611659109592438,0.45728957653045654,2.696117746836535e-07,0.4152994155883789,0.48877960443496704,-0.001682284870184958,0.4545694589614868,0.5627427101135254,-0.019895412027835846,0.4604608714580536,0.6350601315498352,-0.03789047524333,0.4540088176727295,0.6880787014961243,-0.05637146905064583,0.4783335328102112,0.5620470643043518,-0.05909796804189682,0.5001249313354492,0.6721937656402588,-0.08739040046930313,0.5100182890892029,0.7369372248649597,-0.10183157026767731,0.5184424519538879,0.7890792489051819,-0.11058605462312698,0.44022852182388306,0.559937596321106,-0.0726180374622345,0.4485890865325928,0.6977392435073853,-0.1043609082698822,0.434333473443985,0.6751495003700256,-0.10072741657495499,0.42902615666389465,0.6349172592163086,-0.09417041391134262,0.39710959792137146,0.562086284160614,-0.08340726047754288,0.4092089533805847,0.6833437085151672,-0.10297597944736481,0.3986964523792267,0.6557204723358154,-0.08056249469518661,0.3945595324039459,0.6190381646156311,-0.06243964284658432,0.35509592294692993,0.5652804970741272,-0.09429389983415604,0.37324467301368713,0.6650350093841553,-0.09617801010608673,0.3682886064052582,0.6424221396446228,-0.07359328120946884,0.364163875579834,0.6076413989067078,-0.05731396749615669
Time,20260726_153855_998324,21,0.36293795704841614,0.4581177234649658,2.379696013576904e-07,0.4160343110561371,0.48995211720466614,-0.002207924844697118,0.4556386172771454,0.5627825260162354,-0.019525963813066483,0.46212834119796753,0.6333543658256531,-0.036964211612939835,0.45474347472190857,0.6869767904281616,-0.054875656962394714,0.4798407256603241,0.5673266649246216,-0.054494138807058334,0.5023695826530457,0.6765325665473938,-0.08082716912031174,0.5118045806884766,0.738978922367096,-0.09346548467874527,0.5200097560882568,0.7896072268486023,-0.10121189802885056,0.44392335414886475,0.5653758645057678,-0.0676327496767044,0.4473748505115509,0.698189377784729,-0.09774221479892731,0.4314582645893097,0.6747514605522156,-0.09444599598646164,0.42738622426986694,0.635978639125824,-0.08841878920793533,0.4019489884376526,0.5673552751541138,-0.07838380336761475,0.40998825430870056,0.6827942728996277,-0.09754011780023575,0.39778345823287964,0.6536779403686523,-0.07650002837181091,0.39518970251083374,0.6178256869316101,-0.05965575948357582,0.3600383698940277,0.570414662361145,-0.08928883075714111,0.37486764788627625,0.6648606061935425,-0.09234166890382767,0.3679486811161041,0.6412357091903687,-0.07137422263622284,0.3650691509246826,0.6079832315444946,-0.05622057989239693
Time,20260726_153855_998324,22,0.36236101388931274,0.45673906803131104,2.149142090956957e-07,0.4154987931251526,0.4888794422149658,-0.002298555336892605,0.4559779167175293,0.5620182752609253,-0.019332658499479294,0.4635959565639496,0.6324916481971741,-0.036593012511730194,0.4569557011127472,0.6866474151611328,-0.05431980639696121,0.4799698293209076,0.5685398578643799,-0.05368456989526749,0.5017423033714294,0.6777065396308899,-0.07960119098424911,0.5112309455871582,0.7394654750823975,-0.0917699933052063,0.5197308659553528,0.7896411418914795,-0.09923043102025986,0.4447843134403229,0.5659984350204468,-0.06676014512777328,0.4451300799846649,0.6987941861152649,-0.0956820622086525,0.42897719144821167,0.6752364039421082,-0.09170348942279816,0.4252350628376007,0.6367907524108887,-0.08558173477649689,0.40322375297546387,0.5669724345207214,-0.0776216983795166,0.4073560833930969,0.6810632944107056,-0.0957493931055069,0.39543846249580383,0.6523304581642151,-0.07473128288984299,0.3936527669429779,0.6170339584350586,-0.058510322123765945,0.36162012815475464,0.5687901973724365,-0.08875615894794464,0.3735288381576538,0.6626821756362915,-0.09149004518985748,0.3664684295654297,0.6394191980361938,-0.07099143415689468,0.3647817075252533,0.6066964864730835,-0.056514859199523926
Time,20260726_153855_998324,23,0.36182448267936707,0.4566364288330078,2.1309996611762472e-07,0.41534581780433655,0.4891076683998108,-0.002386705484241247,0.45551279187202454,0.5628315210342407,-0.019437918439507484,0.4621105492115021,0.6340207457542419,-0.03670473024249077,0.45468518137931824,0.6887261867523193,-0.05436904355883598,0.4798656404018402,0.5685608386993408,-0.05357899144291878,0.501636803150177,0.6777913570404053,-0.07936890423297882,0.511162519454956,0.7394962906837463,-0.09147146344184875,0.5197988152503967,0.7895976901054382,-0.09891242533922195,0.4445681571960449,0.5662041902542114,-0.06660930067300797,0.4451659023761749,0.6988031268119812,-0.09552157670259476,0.4291885495185852,0.6751126050949097,-0.09164276719093323,0.4254213571548462,0.6365707516670227,-0.08556437492370605,0.4029471278190613,0.567345917224884,-0.07740633189678192,0.4073050618171692,0.681117057800293,-0.09538424760103226,0.3955197334289551,0.6523177027702332,-0.07431784272193909,0.393713116645813,0.6170924305915833,-0.0580671951174736,0.3613394498825073,0.5692938566207886,-0.08850811421871185,0.3733595311641693,0.6631078720092773,-0.0909665897488594,0.3663580119609833,0.639796793460846,-0.07032182067632675,0.36455389857292175,0.6071227788925171,-0.05576984956860542
Time,20260726_153855_998324,24,0.3615086078643799,0.4538222551345825,2.2652923803434533e-07,0.4164748191833496,0.48477625846862793,-0.002507618395611644,0.46019279956817627,0.5559078454971313,-0.01926141045987606,0.470193088054657,0.6258546710014343,-0.03620021045207977,0.4654894173145294,0.6809059381484985,-0.05341194570064545,0.48052647709846497,0.5623346567153931,-0.05305332690477371,0.5029375553131104,0.6726996302604675,-0.07962175458669662,0.5126256942749023,0.7364442348480225,-0.09265828877687454,0.5210719704627991,0.787583589553833,-0.10061409324407578,0.44362756609916687,0.5622144937515259,-0.06614115089178085,0.4508919417858124,0.6960456371307373,-0.09666338562965393,0.4341721832752228,0.6739344000816345,-0.0939706414937973,0.4278346300125122,0.6349600553512573,-0.08794187754392624,0.40149277448654175,0.5653378367424011,-0.07696005702018738,0.41151121258735657,0.6815086007118225,-0.09650291502475739,0.39861685037612915,0.6535940170288086,-0.07586995512247086,0.3950777053833008,0.6177965998649597,-0.059073980897665024,0.3603120446205139,0.5687761902809143,-0.08800681680440903,0.37540191411972046,0.6630766987800598,-0.09167011827230453,0.36802950501441956,0.6398099064826965,-0.07132057845592499,0.36484378576278687,0.6070230603218079,-0.05651111528277397
Time,20260726_153855_998324,25,0.36193084716796875,0.4555397033691406,2.3061917886479932e-07,0.4174043536186218,0.48638153076171875,-0.002576805418357253,0.45933935046195984,0.5583372712135315,-0.019791577011346817,0.4671929180622101,0.6284574270248413,-0.03683871030807495,0.4609619975090027,0.6825045943260193,-0.054238349199295044,0.47967031598091125,0.5629304647445679,-0.05553458258509636,0.5026522278785706,0.6736733317375183,-0.08189499378204346,0.5130518078804016,0.7374088764190674,-0.09463956207036972,0.5222082734107971,0.7888919711112976,-0.10245231539011002,0.44260427355766296,0.5635531544685364,-0.0681271031498909,0.45033925771713257,0.6957259774208069,-0.09746021032333374,0.434387743473053,0.6723763942718506,-0.093698650598526,0.42830395698547363,0.6339853405952454,-0.08736603707075119,0.4005175828933716,0.5672473907470703,-0.07817722856998444,0.4119161069393158,0.6819964647293091,-0.0962648093700409,0.3999313414096832,0.6532694697380066,-0.07425424456596375,0.3957907557487488,0.6174577474594116,-0.05692601576447487,0.3596288561820984,0.5707416534423828,-0.08848904818296432,0.3764668405056,0.6641055345535278,-0.09094525128602982,0.3698671758174896,0.6408120393753052,-0.06947895884513855,0.3660809397697449,0.608165442943573,-0.053991854190826416
Time,20260726_153855_998324,26,0.35976123809814453,0.4632040858268738,2.0512858611709817e-07,0.4155038595199585,0.48985791206359863,-0.003248561406508088,0.4577440321445465,0.5658624768257141,-0.02070920355618,0.466001033782959,0.6432468295097351,-0.03756159543991089,0.4626063108444214,0.6999895572662354,-0.05474058911204338,0.48277610540390015,0.5608486533164978,-0.058117881417274475,0.5072619915008545,0.6722372770309448,-0.08378409594297409,0.5170509815216064,0.7353624701499939,-0.095338836312294,0.5257775783538818,0.7864673137664795,-0.1024588942527771,0.44599828124046326,0.5622361302375793,-0.06984667479991913,0.4482296109199524,0.6926766037940979,-0.09743958711624146,0.43136829137802124,0.6690189242362976,-0.09210840612649918,0.4270385801792145,0.629280149936676,-0.08605854213237762,0.404082328081131,0.5673089027404785,-0.07923232018947601,0.41141095757484436,0.6836463212966919,-0.0962429791688919,0.398508220911026,0.6546071171760559,-0.07428823411464691,0.39567628502845764,0.6175162196159363,-0.058309391140937805,0.3640822172164917,0.5733470320701599,-0.08889947086572647,0.3777354657649994,0.6655322313308716,-0.09127924591302872,0.3689419627189636,0.6414914131164551,-0.07102257758378983,0.3658721148967743,0.608837366104126,-0.05728084221482277
Time,20260726_153855_998324,27,0.3643251359462738,0.4553989768028259,2.6985335921381193e-07,0.4197312295436859,0.48827534914016724,-0.0008515723748132586,0.46046316623687744,0.5575417876243591,-0.018807701766490936,0.465880811214447,0.6249349117279053,-0.036966968327760696,0.45553696155548096,0.6755735874176025,-0.05579165369272232,0.4838196039199829,0.5639172792434692,-0.0589585043489933,0.5073395371437073,0.6724398136138916,-0.08752608299255371,0.5182186365127563,0.7337011694908142,-0.10263089835643768,0.5276898741722107,0.7830907106399536,-0.11200853437185287,0.44716089963912964,0.5608171820640564,-0.07296180725097656,0.4518381357192993,0.698354959487915,-0.10162093490362167,0.4354579448699951,0.679085373878479,-0.09741581231355667,0.42996135354042053,0.6436136364936829,-0.0920574814081192,0.40499430894851685,0.5621752738952637,-0.08434620499610901,0.41269806027412415,0.6811049580574036,-0.10112709552049637,0.4014831781387329,0.6539714932441711,-0.07942888140678406,0.39811810851097107,0.6187202334403992,-0.06358357518911362,0.36323121190071106,0.5655739307403564,-0.09600401669740677,0.37768375873565674,0.6625447273254395,-0.09711904078722,0.37174707651138306,0.6404309272766113,-0.07545579224824905,0.36905622482299805,0.6066412329673767,-0.06062048673629761
Time,20260726_153855_998324,28,0.36192142963409424,0.4571528434753418,2.2873670957324066e-07,0.4174068868160248,0.48736536502838135,0.0002120920253219083,0.46081113815307617,0.556806206703186,-0.017212042585015297,0.4709447920322418,0.6258032917976379,-0.03471751511096954,0.46553224325180054,0.6793571710586548,-0.05286258086562157,0.481930673122406,0.5620044469833374,-0.060717709362506866,0.5073021650314331,0.6725624799728394,-0.08917603641748428,0.5182269811630249,0.735386848449707,-0.10352826863527298,0.5277625918388367,0.7860263586044312,-0.11226917058229446,0.44590574502944946,0.5587413907051086,-0.07433205842971802,0.45130789279937744,0.6942331790924072,-0.10201394557952881,0.43459904193878174,0.6759962439537048,-0.09668359905481339,0.42929166555404663,0.6417053937911987,-0.0911140963435173,0.40421661734580994,0.5608585476875305,-0.08506662398576736,0.4124322235584259,0.6799795627593994,-0.10154020041227341,0.40063655376434326,0.6535298824310303,-0.07901737838983536,0.397203266620636,0.6182693839073181,-0.06295967102050781,0.36306682229042053,0.5653923153877258,-0.09579421579837799,0.3780156970024109,0.6642574667930603,-0.0973350927233696,0.37137722969055176,0.6420353055000305,-0.07572134584188461,0.3685154616832733,0.6079250574111938,-0.061087001115083694
Time,20260726_153855_998324,29,0.3620189130306244,0.45674169063568115,2.507289025288628e-07,0.41771990060806274,0.48836350440979004,0.0009529998642392457,0.46021637320518494,0.5557759404182434,-0.016661735251545906,0.46918046474456787,0.621843159198761,-0.03447245433926582,0.46263349056243896,0.67327481508255,-0.052992548793554306,0.4825991988182068,0.5629919767379761,-0.06130710616707802,0.5080971717834473,0.6722801923751831,-0.09071508795022964,0.5189542174339294,0.7344139814376831,-0.10590693354606628,0.5280924439430237,0.7844496965408325,-0.11501504480838776,0.4467836320400238,0.5592252612113953,-0.07547417283058167,0.4522733986377716,0.6965776681900024,-0.10359188169240952,0.4351111054420471,0.6794247627258301,-0.09848639369010925,0.4293118119239807,0.6454890966415405,-0.09291969239711761,0.4049968719482422,0.5605814456939697,-0.08669096231460571,0.41262221336364746,0.6802368760108948,-0.10332490503787994,0.40073397755622864,0.6542403101921082,-0.08123409003019333,0.39729541540145874,0.6191172003746033,-0.0653328150510788,0.36348944902420044,0.564514696598053,-0.0978190004825592,0.37764039635658264,0.6628807783126831,-0.09873341023921967,0.37136900424957275,0.641785204410553,-0.07685016095638275,0.368689626455307,0.6080473065376282,-0.061999302357435226
Time,20260726_153855_998324,30,0.36425942182540894,0.45985063910484314,2.4497296635672683e-07,0.4198860824108124,0.4922667145729065,-0.00201559835113585,0.4629671275615692,0.5631482005119324,-0.02042025700211525,0.4714199900627136,0.6311131119728088,-0.03875620663166046,0.46511709690093994,0.6824894547462463,-0.05744609609246254,0.48250702023506165,0.565716564655304,-0.06000634282827377,0.5079488754272461,0.675398588180542,-0.087981216609478,0.5181337594985962,0.7377660274505615,-0.10166659951210022,0.5269937515258789,0.7880738973617554,-0.10995404422283173,0.4451884925365448,0.5621733665466309,-0.0734918937087059,0.45002511143684387,0.7013353705406189,-0.10402458161115646,0.4351253807544708,0.6771829724311829,-0.09914102405309677,0.43041548132896423,0.6361685395240784,-0.09236115217208862,0.40229853987693787,0.5628787279129028,-0.08437726646661758,0.4109945297241211,0.6834670305252075,-0.1029512882232666,0.400647908449173,0.6543058156967163,-0.08063680678606033,0.39753708243370056,0.6168278455734253,-0.06358129531145096,0.3597666621208191,0.5656405687332153,-0.09546025842428207,0.37509676814079285,0.6644695401191711,-0.09785310924053192,0.3699551224708557,0.6409053206443787,-0.07618756592273712,0.3673025071620941,0.6054505705833435,-0.06102640554308891
Time,20260726_153855_998324,31,0.3650033175945282,0.4586765766143799,2.3214629152334965e-07,0.41962775588035583,0.49000096321105957,-0.00232096784748137,0.4619894027709961,0.5612881183624268,-0.020650753751397133,0.47198304533958435,0.6303048729896545,-0.0386551171541214,0.4681713581085205,0.6832290887832642,-0.05705592781305313,0.48142585158348083,0.5648553371429443,-0.06075863167643547,0.5071738362312317,0.6747975945472717,-0.08869601786136627,0.5175447463989258,0.7376882433891296,-0.10217742621898651,0.5267208814620972,0.7880157828330994,-0.11028887331485748,0.4443928301334381,0.561427652835846,-0.07367473095655441,0.44798460602760315,0.6995633840560913,-0.10361975431442261,0.43353694677352905,0.6765309572219849,-0.09863719344139099,0.4297594726085663,0.6368392705917358,-0.09204129129648209,0.40200698375701904,0.5624068379402161,-0.08396772295236588,0.40885332226753235,0.6823690533638,-0.10201575607061386,0.39924678206443787,0.6532248258590698,-0.0796574279665947,0.39718782901763916,0.6162324547767639,-0.06283750385046005,0.3602775037288666,0.5651066303253174,-0.09448668360710144,0.3742033839225769,0.6617740392684937,-0.09677419811487198,0.3690739870071411,0.6379440426826477,-0.0754273533821106,0.36714035272598267,0.6036596894264221,-0.060581617057323456
Time,20260726_153855_998324,32,0.36440083384513855,0.45218589901924133,2.7985538508801255e-07,0.4187051057815552,0.48630255460739136,-0.0016525047831237316,0.4570363759994507,0.5601569414138794,-0.02016405574977398,0.4633128345012665,0.6317451000213623,-0.03816293179988861,0.4581112265586853,0.685317873954773,-0.05643138661980629,0.4797796905040741,0.5600727200508118,-0.06307165324687958,0.5045257806777954,0.6725615859031677,-0.0911087617278099,0.5157248377799988,0.736374020576477,-0.1047917902469635,0.5243867635726929,0.7875086069107056,-0.112906813621521,0.44110625982284546,0.5569713115692139,-0.07612090557813644,0.44783464074134827,0.695959746837616,-0.10488962382078171,0.432810515165329,0.6827225089073181,-0.0999985858798027,0.42576903104782104,0.6520521640777588,-0.09391545504331589,0.39806753396987915,0.5588613152503967,-0.0860607698559761,0.40780332684516907,0.680574893951416,-0.10233624279499054,0.398954838514328,0.6554743647575378,-0.07894647121429443,0.395589679479599,0.6208125948905945,-0.061785902827978134,0.35670655965805054,0.5623385906219482,-0.09626597166061401,0.37304162979125977,0.6603114008903503,-0.09635746479034424,0.36945581436157227,0.6393458247184753,-0.07335638999938965,0.3663868308067322,0.606510579586029,-0.05744767189025879
Time,20260726_153855_998324,33,0.3631925582885742,0.45169752836227417,2.737264139796025e-07,0.4184895157814026,0.4832429885864258,-0.0057520209811627865,0.45758897066116333,0.563978910446167,-0.02506900206208229,0.46052229404449463,0.6394731998443604,-0.04350460693240166,0.44975900650024414,0.6886987686157227,-0.0623038113117218,0.4801751971244812,0.5597257018089294,-0.06401776522397995,0.5029045343399048,0.6741958260536194,-0.09252484887838364,0.5136801600456238,0.7400740385055542,-0.10722837597131729,0.5234848260879517,0.7936431765556335,-0.11682646721601486,0.4402305483818054,0.5546724796295166,-0.07629599422216415,0.4432530701160431,0.6934620141983032,-0.10719720274209976,0.42848703265190125,0.6715128421783447,-0.10405950993299484,0.4241235554218292,0.6347048878669739,-0.09915274381637573,0.39618274569511414,0.5556943416595459,-0.08599700033664703,0.40425559878349304,0.6806804537773132,-0.10405226796865463,0.3945433497428894,0.6523522734642029,-0.08112636208534241,0.39125722646713257,0.6162087321281433,-0.06414161622524261,0.3548040986061096,0.5585222244262695,-0.09654583781957626,0.3701542615890503,0.6621394157409668,-0.09931229054927826,0.36488276720046997,0.6390783786773682,-0.07773177325725555,0.3621881604194641,0.6051017045974731,-0.06275522708892822
Time,20260726_153855_998324,34,0.36294639110565186,0.4510018229484558,2.9299252446435275e-07,0.41800326108932495,0.4831385016441345,-0.005772710312157869,0.4563826620578766,0.5634310841560364,-0.02550043724477291,0.45809805393218994,0.6383528113365173,-0.04449129477143288,0.4465881884098053,0.6875263452529907,-0.0638251081109047,0.48098063468933105,0.5599232912063599,-0.06402040272951126,0.5031887292861938,0.6746763586997986,-0.09279657900333405,0.5137898921966553,0.7401005625724792,-0.10780998319387436,0.523383617401123,0.7933913469314575,-0.11759604513645172,0.4410587251186371,0.554326593875885,-0.07651353627443314,0.44354474544525146,0.6935723423957825,-0.10745047777891159,0.42839568853378296,0.6737105250358582,-0.10475490987300873,0.4236387610435486,0.6383829116821289,-0.10037148743867874,0.39700132608413696,0.5551887154579163,-0.08646037429571152,0.4038473963737488,0.6805298924446106,-0.10440073162317276,0.3942241072654724,0.652779757976532,-0.08185570687055588,0.39137762784957886,0.6163978576660156,-0.06533870100975037,0.35545215010643005,0.5581907629966736,-0.09729862958192825,0.3701024055480957,0.6618556380271912,-0.09970706701278687,0.3648363947868347,0.6390264630317688,-0.07815806567668915,0.3625810742378235,0.6046603918075562,-0.0633724257349968
Time,20260726_153855_998324,35,0.358182430267334,0.4470200538635254,2.425117031634727e-07,0.4131271541118622,0.47933530807495117,-0.005637153517454863,0.45334869623184204,0.5589267015457153,-0.024753129109740257,0.45666322112083435,0.6346813440322876,-0.04354587569832802,0.44420579075813293,0.6862231492996216,-0.06299333274364471,0.4763777554035187,0.5605683326721191,-0.062197260558605194,0.4995232820510864,0.6718669533729553,-0.09077955037355423,0.5100970268249512,0.738011360168457,-0.10583661496639252,0.5197795629501343,0.7918431162834167,-0.1156843900680542,0.43761271238327026,0.5562211275100708,-0.07520454376935959,0.43469151854515076,0.6943856477737427,-0.10712938755750656,0.4214138686656952,0.6673284769058228,-0.10391376912593842,0.41968387365341187,0.6261090636253357,-0.09848831593990326,0.3935859203338623,0.5553070306777954,-0.0858868807554245,0.3950670659542084,0.6828116774559021,-0.10516656935214996,0.38731619715690613,0.6520444750785828,-0.08279966562986374,0.38585805892944336,0.6131147742271423,-0.06582106649875641,0.3509960174560547,0.5548254251480103,-0.09740383177995682,0.3630080223083496,0.6619402766227722,-0.101411372423172,0.3585625886917114,0.6375406980514526,-0.08020569384098053,0.3565865457057953,0.6009410619735718,-0.06504818052053452
Time,20260726_153855_998324,36,0.3530051112174988,0.45247527956962585,2.2783443398566305e-07,0.4124324917793274,0.4859532117843628,-0.009012880735099316,0.45417049527168274,0.5733795762062073,-0.027717070654034615,0.45680755376815796,0.6527706384658813,-0.045572955161333084,0.44051694869995117,0.6956139802932739,-0.06433363258838654,0.46761298179626465,0.5588870644569397,-0.06519515812397003,0.493588387966156,0.6716258525848389,-0.09271080046892166,0.5047643780708313,0.7375639081001282,-0.10627991706132889,0.5141355991363525,0.7923401594161987,-0.11524657160043716,0.42321157455444336,0.5554313659667969,-0.07684803009033203,0.4264850616455078,0.6932704448699951,-0.1103295385837555,0.41939955949783325,0.6645903587341309,-0.10817110538482666,0.4187120497226715,0.6211916208267212,-0.10279249399900436,0.3769743740558624,0.5563079714775085,-0.08616609126329422,0.387995183467865,0.6869122982025146,-0.10653715580701828,0.3856959939002991,0.6555373668670654,-0.0862441211938858,0.3845350444316864,0.615414023399353,-0.06998474150896072,0.3351905047893524,0.5591697096824646,-0.09660796076059341,0.35516273975372314,0.6701640486717224,-0.1014864593744278,0.3560926616191864,0.6446163654327393,-0.08214396983385086,0.35426968336105347,0.6054553985595703,-0.06825767457485199
Time,20260726_153855_998324,37,0.3566024899482727,0.4503568410873413,2.3472782118005853e-07,0.414163738489151,0.4863148331642151,-0.007969914935529232,0.4548148810863495,0.5732561945915222,-0.026109250262379646,0.45865553617477417,0.6527225971221924,-0.04305127263069153,0.4455583691596985,0.699425995349884,-0.06048675253987312,0.4672689437866211,0.5596301555633545,-0.06578879058361053,0.4921967685222626,0.671866774559021,-0.09440819919109344,0.5043252110481262,0.7381788492202759,-0.10942564904689789,0.5148728489875793,0.7936446666717529,-0.11942379921674728,0.423086941242218,0.554736852645874,-0.0771889016032219,0.42344534397125244,0.6909319758415222,-0.11040151119232178,0.4160284698009491,0.6637495756149292,-0.10929585993289948,0.416749507188797,0.6228436231613159,-0.10517104715108871,0.37733766436576843,0.5544425249099731,-0.08596977591514587,0.38702693581581116,0.6842120289802551,-0.10699740797281265,0.38364553451538086,0.6540377736091614,-0.08740886300802231,0.3827112913131714,0.6150998473167419,-0.07168494910001755,0.33621782064437866,0.5573594570159912,-0.09555453062057495,0.3543298840522766,0.6647611856460571,-0.10160525888204575,0.35432958602905273,0.6399709582328796,-0.08274935930967331,0.35271739959716797,0.6029979586601257,-0.06898370385169983
Time,20260726_153855_998324,38,0.3580686151981354,0.45180773735046387,2.3266156290446816e-07,0.41557347774505615,0.488886296749115,-0.007846016436815262,0.45504704117774963,0.5771495699882507,-0.02561940811574459,0.45606833696365356,0.656500518321991,-0.042315296828746796,0.4397008717060089,0.699601948261261,-0.05964129418134689,0.46701115369796753,0.5611405968666077,-0.06493671238422394,0.4915336072444916,0.6737368106842041,-0.09276682138442993,0.5042825937271118,0.7402877807617188,-0.10744672268629074,0.5153854489326477,0.7960158586502075,-0.11753707379102707,0.4226185381412506,0.5548025369644165,-0.07644261419773102,0.4227308928966522,0.6896872520446777,-0.11004742980003357,0.41590291261672974,0.6620736122131348,-0.10981124639511108,0.4171229600906372,0.6202517151832581,-0.10604453831911087,0.3767920434474945,0.5537400245666504,-0.08518341183662415,0.3864341974258423,0.6838763952255249,-0.10620954632759094,0.3837553858757019,0.6537860035896301,-0.08716470003128052,0.3835834562778473,0.6143054366111755,-0.07169447094202042,0.3361138105392456,0.5565759539604187,-0.09477106481790543,0.354190468788147,0.6643710732460022,-0.10107418149709702,0.35477617383003235,0.6394971013069153,-0.08275652676820755,0.3533182442188263,0.6024503707885742,-0.0693182721734047
Time,20260726_153855_998324,39,0.34889841079711914,0.45153486728668213,4.4011866862092575e-07,0.4050731062889099,0.4867866039276123,-0.008139889687299728,0.44159674644470215,0.5728282332420349,-0.027245694771409035,0.4428253769874573,0.6503980159759521,-0.045391373336315155,0.43202850222587585,0.7012278437614441,-0.06451230496168137,0.4590439200401306,0.5652595162391663,-0.06903476268053055,0.4841064214706421,0.6768316030502319,-0.09802748262882233,0.49589061737060547,0.7452392578125,-0.11342082172632217,0.5033934116363525,0.8010044693946838,-0.12343891710042953,0.4132961928844452,0.5578886270523071,-0.08108961582183838,0.41769900918006897,0.6998944878578186,-0.10953623801469803,0.4091922342777252,0.714073896408081,-0.10933412611484528,0.40608832240104675,0.7090092897415161,-0.10841359198093414,0.3646966814994812,0.5550767779350281,-0.09029713273048401,0.3750954866409302,0.6951150894165039,-0.10954969376325607,0.37418419122695923,0.67722088098526,-0.09143850952386856,0.37520918250083923,0.642371416091919,-0.07794763892889023,0.3207029104232788,0.5589657425880432,-0.10035723447799683,0.33825889229774475,0.6743460893630981,-0.10766925662755966,0.34108564257621765,0.6572232842445374,-0.09072314202785492,0.3417130708694458,0.6222711801528931,-0.07838105410337448
Time,20260726_153855_998324,40,0.3383937478065491,0.4550461173057556,2.14889993799261e-07,0.3967086672782898,0.4920276999473572,-0.012154679745435715,0.4354760944843292,0.5871817469596863,-0.031135518103837967,0.43176016211509705,0.6746710538864136,-0.047516971826553345,0.41260871291160583,0.72243732213974,-0.06462841480970383,0.4439203441143036,0.5636148452758789,-0.07391004264354706,0.4744211733341217,0.6789610385894775,-0.10315434634685516,0.4909314513206482,0.7505418658256531,-0.11903055012226105,0.5045682191848755,0.8084882497787476,-0.1299961507320404,0.39494433999061584,0.5626412034034729,-0.08264279365539551,0.3997708857059479,0.7042582631111145,-0.11692121624946594,0.3925846815109253,0.677327036857605,-0.11594680696725845,0.39120006561279297,0.6314958333969116,-0.11139052361249924,0.3460339903831482,0.5661908388137817,-0.08844232559204102,0.35819169878959656,0.7051865458488464,-0.10909432917833328,0.360557496547699,0.6758838891983032,-0.08968030661344528,0.3614875078201294,0.631092369556427,-0.07388332486152649,0.30399662256240845,0.5740529298782349,-0.09524311870336533,0.32624608278274536,0.6901140213012695,-0.101228728890419,0.331834614276886,0.6653932332992554,-0.08278854191303253,0.3308354318141937,0.624423623085022,-0.06944633275270462
Time,20260726_153855_998324,41,0.3422984182834625,0.45479631423950195,2.446343785322824e-07,0.3983128070831299,0.49170973896980286,-0.009097238071262836,0.4362116754055023,0.5842707753181458,-0.028486309573054314,0.4290936589241028,0.6747452616691589,-0.04484977573156357,0.4074259102344513,0.7231582403182983,-0.061943382024765015,0.4455471932888031,0.5649927854537964,-0.07882463932037354,0.4760104715824127,0.680539608001709,-0.1127648875117302,0.4914071559906006,0.7534160614013672,-0.1329757571220398,0.5039281249046326,0.8119055032730103,-0.14640648663043976,0.3961368799209595,0.5621709227561951,-0.08868812024593353,0.40006157755851746,0.7109180688858032,-0.12591077387332916,0.39195728302001953,0.6853068470954895,-0.12667429447174072,0.39332613348960876,0.6385530829429626,-0.12302172183990479,0.3469228744506836,0.564756453037262,-0.09500013291835785,0.3574552536010742,0.7033028602600098,-0.11820925772190094,0.3558861315250397,0.674020528793335,-0.0987720713019371,0.3574542999267578,0.6309187412261963,-0.08251094073057175,0.30567508935928345,0.5731759667396545,-0.10159120708703995,0.32528218626976013,0.6849460005760193,-0.107833132147789,0.32672834396362305,0.6579642295837402,-0.08769084513187408,0.32536256313323975,0.6200896501541138,-0.07313995808362961
Time,20260726_153855_998324,42,0.33409571647644043,0.45446205139160156,2.4092668127195793e-07,0.3895924389362335,0.4892843961715698,-0.0072625307366251945,0.4295811057090759,0.5779421329498291,-0.024997904896736145,0.42733895778656006,0.665228545665741,-0.039901625365018845,0.40832164883613586,0.717242956161499,-0.05528700351715088,0.44072920083999634,0.5628141164779663,-0.0734662413597107,0.474387526512146,0.6771135926246643,-0.10616675764322281,0.4892004728317261,0.7513301372528076,-0.12579336762428284,0.5000377893447876,0.811079204082489,-0.1389370858669281,0.3908143937587738,0.5628716945648193,-0.08394309133291245,0.4039027988910675,0.7162259817123413,-0.1207042932510376,0.3941492736339569,0.6936932802200317,-0.12214504927396774,0.3914377689361572,0.6476545333862305,-0.1181652843952179,0.33979636430740356,0.5680664777755737,-0.09075696766376495,0.35705864429473877,0.7105844616889954,-0.11256138980388641,0.3525969982147217,0.6802298426628113,-0.09137366712093353,0.349362313747406,0.6365631222724915,-0.07334183901548386,0.2967836260795593,0.5775138139724731,-0.09803493320941925,0.3162158131599426,0.6920000314712524,-0.10488272458314896,0.31595760583877563,0.6680511832237244,-0.0850684642791748,0.31221744418144226,0.6344862580299377,-0.0698947161436081
Time,20260726_153855_998324,43,0.3348444402217865,0.45071667432785034,3.112812976269197e-07,0.3940514326095581,0.48959922790527344,-0.008753092028200626,0.4308212995529175,0.5810379981994629,-0.027718326076865196,0.42620038986206055,0.6681733727455139,-0.04319246485829353,0.40682122111320496,0.718877911567688,-0.05877654254436493,0.44457292556762695,0.5630849003791809,-0.07660213112831116,0.47475260496139526,0.6755264401435852,-0.11274921149015427,0.4919830560684204,0.7489603757858276,-0.13532502949237823,0.5041570663452148,0.808150589466095,-0.14982740581035614,0.39351165294647217,0.5597116947174072,-0.08694716542959213,0.398548424243927,0.7195146679878235,-0.12401028722524643,0.38908651471138,0.6988224983215332,-0.12503720819950104,0.3867589831352234,0.6540277600288391,-0.1207728460431099,0.34181416034698486,0.5608648061752319,-0.09392739087343216,0.3545531630516052,0.70842444896698,-0.11542659997940063,0.35153132677078247,0.6787618398666382,-0.09350904077291489,0.3504664897918701,0.6362090706825256,-0.07521011680364609,0.29700303077697754,0.5653342604637146,-0.10153074562549591,0.312916100025177,0.6821685433387756,-0.10606693476438522,0.3145291805267334,0.6558560132980347,-0.0838935449719429,0.31435099244117737,0.6191138029098511,-0.06743358075618744
Time,20260726_153855_998324,44,0.3363412618637085,0.44847312569618225,2.2732466220531933e-07,0.3937835693359375,0.48228687047958374,-0.00861936341971159,0.43054863810539246,0.5726985931396484,-0.026990080252289772,0.42715317010879517,0.6600836515426636,-0.0430668443441391,0.40655481815338135,0.715415358543396,-0.05875405669212341,0.44623255729675293,0.5540270209312439,-0.06633143126964569,0.47816747426986694,0.6672437191009521,-0.09539537131786346,0.4950522780418396,0.7352868318557739,-0.11004741489887238,0.5073564648628235,0.7909063100814819,-0.11937841027975082,0.4018475413322449,0.5538768768310547,-0.07646598666906357,0.40652984380722046,0.6998828649520874,-0.11050177365541458,0.39561405777931213,0.6780996918678284,-0.10877778381109238,0.3919640779495239,0.6373511552810669,-0.10250387340784073,0.3561783730983734,0.5573549270629883,-0.08398433029651642,0.36762455105781555,0.6924588084220886,-0.10557953268289566,0.36386704444885254,0.6648907661437988,-0.08558034151792526,0.3630635142326355,0.6259020566940308,-0.06828305125236511,0.3152582049369812,0.5638916492462158,-0.09209810942411423,0.33398666977882385,0.6711536049842834,-0.09744106233119965,0.33313772082328796,0.6459788680076599,-0.07788959890604019,0.33058902621269226,0.6104244589805603,-0.06330879032611847
Time,20260726_153855_998324,45,0.34449461102485657,0.45439955592155457,3.245208972657565e-07,0.403034508228302,0.486106276512146,-0.006500935181975365,0.439766526222229,0.5739529132843018,-0.023990817368030548,0.4363115131855011,0.6558210253715515,-0.04101946949958801,0.4174802899360657,0.7070410847663879,-0.058080483227968216,0.4652089774608612,0.5573757290840149,-0.056603848934173584,0.49234068393707275,0.6622540354728699,-0.08202710747718811,0.5076704621315002,0.7237468957901001,-0.09499882906675339,0.5200778841972351,0.7741548418998718,-0.10370215028524399,0.4251825213432312,0.5528259873390198,-0.06896328926086426,0.42523008584976196,0.6894681453704834,-0.09784248471260071,0.4118190407752991,0.6809352040290833,-0.09676782786846161,0.40738216042518616,0.6530281901359558,-0.09325237572193146,0.38123130798339844,0.5522164702415466,-0.07911605387926102,0.3843531906604767,0.6837264895439148,-0.09806068241596222,0.37902697920799255,0.6599388718605042,-0.08005847036838531,0.3804645538330078,0.6226856112480164,-0.06584059447050095,0.3401447534561157,0.5551243424415588,-0.09001820534467697,0.3520834445953369,0.6619841456413269,-0.09399841725826263,0.34887611865997314,0.6391522288322449,-0.07533156126737595,0.3483099341392517,0.6025087833404541,-0.06225760281085968
Time,20260726_153855_998324,46,0.34624937176704407,0.45395535230636597,3.8243010180849524e-07,0.4034244418144226,0.4840881824493408,-0.007711747661232948,0.4413447082042694,0.565843403339386,-0.02590760588645935,0.440369576215744,0.644125759601593,-0.04336080700159073,0.4261835813522339,0.6944547295570374,-0.061720188707113266,0.4622516930103302,0.5584130883216858,-0.06342845410108566,0.49265056848526,0.6634067296981812,-0.089548259973526,0.5084974765777588,0.7250487208366394,-0.10441087186336517,0.5216377973556519,0.7751343846321106,-0.11507517844438553,0.42249810695648193,0.5543922781944275,-0.07497306913137436,0.42621344327926636,0.6864659786224365,-0.10173943638801575,0.41572806239128113,0.6887245178222656,-0.10110410302877426,0.41270220279693604,0.6732146739959717,-0.10042764991521835,0.3796370327472687,0.5530814528465271,-0.08394274860620499,0.3845318555831909,0.6870964169502258,-0.10034725069999695,0.38232818245887756,0.6658984422683716,-0.08250346034765244,0.3837023377418518,0.6282175779342651,-0.07060156762599945,0.33985304832458496,0.5540616512298584,-0.0940510705113411,0.35204896330833435,0.6642228960990906,-0.09997560828924179,0.35155215859413147,0.6442373394966125,-0.08361850678920746,0.3519185483455658,0.6058876514434814,-0.07236698269844055
Time,20260726_153855_998324,47,0.3508146405220032,0.46573400497436523,3.101390859683306e-07,0.4119802713394165,0.49006766080856323,-0.003189587267115712,0.4546678066253662,0.5633977055549622,-0.016857963055372238,0.4589146077632904,0.6390385627746582,-0.031162209808826447,0.44896507263183594,0.6927649974822998,-0.045467499643564224,0.4791133403778076,0.5592171549797058,-0.043080173432826996,0.504831850528717,0.65715092420578,-0.06391053646802902,0.5198972225189209,0.7141847014427185,-0.07577875256538391,0.532559871673584,0.7607905268669128,-0.08441509306430817,0.44145816564559937,0.560543417930603,-0.05498054251074791,0.4490090012550354,0.6750411987304688,-0.07716535031795502,0.43637779355049133,0.6739095449447632,-0.07663977891206741,0.42852461338043213,0.6550693511962891,-0.07538195699453354,0.40063682198524475,0.5631884336471558,-0.06491066515445709,0.40713343024253845,0.6712889075279236,-0.07829680293798447,0.4007900655269623,0.6471807956695557,-0.061200741678476334,0.39907971024513245,0.6103511452674866,-0.04924609512090683,0.36295777559280396,0.5672182440757751,-0.07566742599010468,0.37662142515182495,0.65682452917099,-0.07761573046445847,0.37220272421836853,0.6368500590324402,-0.060378678143024445,0.3687489628791809,0.6031944751739502,-0.04859785735607147
Time,20260726_153855_998324,48,0.3646494150161743,0.47016918659210205,3.535346877470147e-07,0.420173317193985,0.49497056007385254,-0.0012022580485790968,0.46206775307655334,0.5620009899139404,-0.016295282170176506,0.469252347946167,0.6311134099960327,-0.03269543498754501,0.4616771936416626,0.6832389831542969,-0.0497114397585392,0.48881757259368896,0.5601034164428711,-0.04764207452535629,0.5188658833503723,0.6497842073440552,-0.07288624346256256,0.5328352451324463,0.7041230797767639,-0.08673583716154099,0.5434026122093201,0.7493553161621094,-0.09564236551523209,0.4579988718032837,0.5544723868370056,-0.06115816906094551,0.457958459854126,0.6838408708572388,-0.0854065865278244,0.44155576825141907,0.6879299283027649,-0.08343092352151871,0.43496912717819214,0.6727765798568726,-0.08145921677350998,0.419894814491272,0.5523118376731873,-0.07281216233968735,0.4137271046638489,0.6665175557136536,-0.08894815295934677,0.40492117404937744,0.6437848806381226,-0.07268918305635452,0.4068202078342438,0.6089468598365784,-0.06149016693234444,0.38216787576675415,0.5520734190940857,-0.08496043086051941,0.38396164774894714,0.6483685374259949,-0.08826589584350586,0.37801504135131836,0.6286565065383911,-0.07152733206748962,0.379997193813324,0.5930211544036865,-0.06047848239541054
Time,20260726_153855_998324,49,0.36638540029525757,0.4729531407356262,3.8914163269510027e-07,0.42100054025650024,0.4962044954299927,-0.002373421099036932,0.4632464051246643,0.5592716932296753,-0.017092891037464142,0.4725930988788605,0.6246944665908813,-0.033249855041503906,0.46579959988594055,0.6757069826126099,-0.050073713064193726,0.4887639582157135,0.5611209869384766,-0.04416988044977188,0.516753077507019,0.6483104228973389,-0.06918289512395859,0.5321581363677979,0.7043680548667908,-0.08456506580114365,0.5438846349716187,0.7492666840553284,-0.09515134245157242,0.4578405022621155,0.5587453246116638,-0.05791832506656647,0.4582657217979431,0.6856006383895874,-0.08540146797895432,0.44320955872535706,0.6973267793655396,-0.08740250021219254,0.43507134914398193,0.685301661491394,-0.08711482584476471,0.4208718538284302,0.5576647520065308,-0.06996312737464905,0.41412150859832764,0.66864013671875,-0.08668752759695053,0.4071906507015228,0.645933210849762,-0.07252401858568192,0.40839165449142456,0.6081240773200989,-0.06229231879115105,0.38419076800346375,0.5561285614967346,-0.08304281532764435,0.3831014633178711,0.6473732590675354,-0.08865366876125336,0.3787820637226105,0.6272837519645691,-0.07507301867008209,0.38088658452033997,0.5904852747917175,-0.0654737651348114
Place,20260726_154005_185125,0,0.5772078037261963,0.7468138933181763,-1.619771552441307e-07,0.5242671966552734,0.739966630935669,-0.014279376715421677,0.4661253094673157,0.7520115375518799,-0.025548215955495834,0.4187314510345459,0.7597783803939819,-0.03642873093485832,0.3781388998031616,0.751890242099762,-0.04838239401578903,0.48105791211128235,0.7907369136810303,-0.02988566644489765,0.4657069742679596,0.853325366973877,-0.04953446239233017,0.4634791910648346,0.8612848520278931,-0.061133917421102524,0.46419617533683777,0.8601705431938171,-0.06893984973430634,0.5128803849220276,0.7997967600822449,-0.035198312252759933,0.5046730637550354,0.8767174482345581,-0.05411417782306671,0.5056779980659485,0.8651854395866394,-0.061865583062171936,0.5082218647003174,0.8430196642875671,-0.06846637278795242,0.5449715852737427,0.8029565215110779,-0.04187621921300888,0.5457220673561096,0.8706290125846863,-0.06387003511190414,0.54854416847229,0.8512238264083862,-0.06514360755681992,0.5474541783332825,0.8269416689872742,-0.06577889621257782,0.5755786299705505,0.7988674640655518,-0.0492507703602314,0.5887359380722046,0.8425877690315247,-0.06817452609539032,0.5956857204437256,0.8220876455307007,-0.06891564279794693,0.5987808108329773,0.7970276474952698,-0.06873185187578201
Place,20260726_154005_185125,1,0.5728077292442322,0.7498561143875122,-2.0809515888231545e-07,0.5248130559921265,0.7363811731338501,-0.013247034512460232,0.4674645662307739,0.7357698082923889,-0.02427900955080986,0.4182846248149872,0.7315558195114136,-0.03353121876716614,0.3785563111305237,0.7236071228981018,-0.044737134128808975,0.4928026795387268,0.736859917640686,-0.03614599630236626,0.4678191542625427,0.781132161617279,-0.05244093015789986,0.45995309948921204,0.8030217885971069,-0.06232704222202301,0.4510509967803955,0.8187374472618103,-0.07011647522449493,0.5204944014549255,0.7464331388473511,-0.04004323482513428,0.49644702672958374,0.8168959021568298,-0.05303932726383209,0.4900279641151428,0.8345396518707275,-0.05786975473165512,0.4858309328556061,0.8433232307434082,-0.06447642296552658,0.549353301525116,0.7601704597473145,-0.044399406760931015,0.5281578302383423,0.8223608732223511,-0.05979478359222412,0.5204319357872009,0.8340275287628174,-0.059410709887742996,0.5126849412918091,0.8372979760169983,-0.06059877946972847,0.5761381387710571,0.7751179337501526,-0.049034278839826584,0.564427375793457,0.8179161548614502,-0.06340295821428299,0.5599543452262878,0.824048638343811,-0.06347154825925827,0.5563439726829529,0.8253193497657776,-0.06379663199186325
Place,20260726_154005_185125,2,0.5725159049034119,0.7451341152191162,-1.541453826803263e-07,0.521020770072937,0.7240362763404846,-0.01944253221154213,0.4683470129966736,0.7207291722297668,-0.03286305069923401,0.42408913373947144,0.7236011028289795,-0.0440937876701355,0.38302308320999146,0.7223705053329468,-0.056997328996658325,0.5027408003807068,0.7485898733139038,-0.047779470682144165,0.48280787467956543,0.812324047088623,-0.07231487333774567,0.48011481761932373,0.8256493806838989,-0.08876882493495941,0.47851526737213135,0.8259835243225098,-0.10038311034440994,0.5347279906272888,0.7579655647277832,-0.051341455429792404,0.5243422389030457,0.8259292244911194,-0.0754992738366127,0.5197376012802124,0.8345420956611633,-0.08927416056394577,0.5178491473197937,0.8390281200408936,-0.1022724062204361,0.5667409896850586,0.7632931470870972,-0.05544566363096237,0.5641746520996094,0.8102788329124451,-0.08452995121479034,0.5649332404136658,0.8117272853851318,-0.09480340778827667,0.5631034970283508,0.8107942342758179,-0.10288985073566437,0.5958147048950195,0.7626153230667114,-0.060086823999881744,0.6110988259315491,0.7779104113578796,-0.08858984708786011,0.6212782263755798,0.7692852020263672,-0.09839367121458054,0.6280097365379333,0.760171115398407,-0.10560031235218048
Place,20260726_154005_185125,3,0.5757766962051392,0.7449560165405273,-1.5474766712486598e-07,0.5226231813430786,0.7288486957550049,-0.01760200224816799,0.4694630801677704,0.7274677157402039,-0.0305576603859663,0.4259669780731201,0.7294856309890747,-0.04145112633705139,0.384838342666626,0.7260240316390991,-0.05436773970723152,0.5082347989082336,0.7518561482429504,-0.04821839556097984,0.4878453016281128,0.8182774186134338,-0.07101956754922867,0.4879794120788574,0.8243324160575867,-0.0866178348660469,0.48724430799484253,0.8178501725196838,-0.09821170568466187,0.5421880483627319,0.7612912654876709,-0.05232071876525879,0.5304800271987915,0.8203080892562866,-0.07285933196544647,0.5255407691001892,0.8290019035339355,-0.08461253345012665,0.522551953792572,0.8311237692832947,-0.09733562171459198,0.575509250164032,0.764781653881073,-0.056701838970184326,0.5693002343177795,0.8030893206596375,-0.08272989094257355,0.5687570571899414,0.8067808747291565,-0.09039538353681564,0.5646626353263855,0.8072956800460815,-0.09753283113241196,0.6042927503585815,0.7611653208732605,-0.06146392598748207,0.6174793243408203,0.7858753204345703,-0.08895944803953171,0.6233981251716614,0.7806962132453918,-0.09726409614086151,0.625404953956604,0.7735828757286072,-0.10367779433727264
Place,20260726_154005_185125,4,0.5836409330368042,0.7434172034263611,-5.755049325983919e-09,0.5288782119750977,0.7349088191986084,-0.011019579134881496,0.4717802405357361,0.7376306653022766,-0.024887101724743843,0.42511239647865295,0.7402264475822449,-0.037248313426971436,0.3819693922996521,0.7360337972640991,-0.05227304995059967,0.5101112127304077,0.7591235041618347,-0.05216096341609955,0.48230236768722534,0.8282917141914368,-0.07353377342224121,0.4768527150154114,0.8395354747772217,-0.08464853465557098,0.47254136204719543,0.8363101482391357,-0.09346894174814224,0.5441815257072449,0.7697820663452148,-0.05982080101966858,0.5182569622993469,0.8413852453231812,-0.07792578637599945,0.5114057064056396,0.8549567461013794,-0.08459826558828354,0.5088058114051819,0.8547701239585876,-0.093912273645401,0.5789406299591064,0.7753708362579346,-0.0669681578874588,0.5590604543685913,0.8335236310958862,-0.08994653820991516,0.5521924495697021,0.8435283899307251,-0.09567494690418243,0.5434485077857971,0.8444545269012451,-0.10272786021232605,0.6086571216583252,0.7747797966003418,-0.0737181082367897,0.6142295598983765,0.8022759556770325,-0.10005105286836624,0.6163362264633179,0.7978828549385071,-0.10956409573554993,0.6158649921417236,0.7905252575874329,-0.11777182668447495
Place,20260726_154005_185125,5,0.5698212385177612,0.7582187056541443,7.823578584975621e-08,0.518322229385376,0.7458300590515137,-0.014106806367635727,0.4665561318397522,0.7473202347755432,-0.02868472784757614,0.4255886971950531,0.7447847127914429,-0.04172966256737709,0.38512036204338074,0.7454460859298706,-0.057910870760679245,0.5067912340164185,0.7789793610572815,-0.05414331704378128,0.48865869641304016,0.8222863674163818,-0.07722670584917068,0.4758280813694,0.8505153656005859,-0.09219247102737427,0.46294665336608887,0.8752254843711853,-0.10449058562517166,0.5379271507263184,0.7875217795372009,-0.062347281724214554,0.5235170722007751,0.8225224018096924,-0.08493615686893463,0.5096344947814941,0.8530286550521851,-0.09938299655914307,0.4989190399646759,0.8832096457481384,-0.11442051827907562,0.5709244012832642,0.7910411357879639,-0.06977679580450058,0.5630570650100708,0.8140013813972473,-0.09524871408939362,0.5518380403518677,0.8402068614959717,-0.10738042742013931,0.538642406463623,0.8693714141845703,-0.11911827325820923,0.6030668616294861,0.7909328937530518,-0.07714158296585083,0.6104233264923096,0.7961773872375488,-0.10300250351428986,0.6095839142799377,0.8073015809059143,-0.1141337901353836,0.6068921089172363,0.8260927200317383,-0.1243707537651062
Place,20260726_154005_185125,6,0.5633506178855896,0.7590309977531433,1.9331729106397688e-07,0.5158315896987915,0.7447890639305115,-0.016545426100492477,0.46754032373428345,0.7478618621826172,-0.03142766281962395,0.4266304671764374,0.746127724647522,-0.044904567301273346,0.38718944787979126,0.7470141053199768,-0.06211923435330391,0.5038952231407166,0.7781906127929688,-0.052815571427345276,0.48634621500968933,0.8154412508010864,-0.07517622411251068,0.4742538034915924,0.8470702171325684,-0.09010182321071625,0.4620060920715332,0.8751416206359863,-0.10258191078901291,0.5349134802818298,0.7883436679840088,-0.060193534940481186,0.5190492868423462,0.8221297264099121,-0.08114735782146454,0.5065410733222961,0.8523402214050293,-0.09577880799770355,0.49676769971847534,0.8803220987319946,-0.11065846681594849,0.5681149959564209,0.7903605103492737,-0.06719446182250977,0.5598404407501221,0.8185870051383972,-0.09088196605443954,0.551501989364624,0.8452987670898438,-0.1036655455827713,0.542000412940979,0.8723012208938599,-0.11582167446613312,0.5994758605957031,0.7860320210456848,-0.07442544400691986,0.6086211800575256,0.7957651019096375,-0.09887681901454926,0.610138475894928,0.8102813959121704,-0.10986373573541641,0.6104715466499329,0.8276669383049011,-0.11971169710159302
Place,20260726_154005_185125,7,0.5615684986114502,0.7539812922477722,2.0722681881579774e-07,0.5137466192245483,0.74080491065979,-0.016608823090791702,0.4656625986099243,0.7466390132904053,-0.031362466514110565,0.4248102307319641,0.745908796787262,-0.04478863999247551,0.3856583833694458,0.7456403970718384,-0.06198630854487419,0.5037186741828918,0.7770510911941528,-0.05256902799010277,0.48625728487968445,0.8163149356842041,-0.07482777535915375,0.47451403737068176,0.847734808921814,-0.08982980996370316,0.462471067905426,0.8750930428504944,-0.10243775695562363,0.5355508327484131,0.7890239357948303,-0.06000721454620361,0.5201159715652466,0.8241114616394043,-0.08074632287025452,0.5073188543319702,0.853848934173584,-0.09558233618736267,0.49695679545402527,0.8807324767112732,-0.11068893224000931,0.5695851445198059,0.7913088798522949,-0.06706759333610535,0.561657726764679,0.8206000924110413,-0.09023048728704453,0.552460253238678,0.8453081250190735,-0.10276839882135391,0.5417019724845886,0.8704178929328918,-0.11502771079540253,0.6008175611495972,0.7859128713607788,-0.07442641258239746,0.6106085181236267,0.796420156955719,-0.09853962063789368,0.6129277944564819,0.8094882369041443,-0.10907678306102753,0.6134446859359741,0.8255041837692261,-0.11872048676013947
Place,20260726_154005_185125,8,0.5714985728263855,0.7548232674598694,2.1481561418568162e-07,0.5233907699584961,0.7365752458572388,-0.02386135794222355,0.4722530245780945,0.7443650364875793,-0.04396592453122139,0.4275359511375427,0.7451210021972656,-0.061135757714509964,0.38427677750587463,0.7478141784667969,-0.08246923238039017,0.5029950141906738,0.7838271260261536,-0.06770015507936478,0.48384931683540344,0.824462354183197,-0.09501553326845169,0.47259560227394104,0.8521394729614258,-0.11260876059532166,0.46140292286872864,0.8781091570854187,-0.1266031712293625,0.53440922498703,0.7975562810897827,-0.07366622984409332,0.5178104043006897,0.8319080471992493,-0.0998801663517952,0.5054662227630615,0.8587760329246521,-0.11595746874809265,0.4940234124660492,0.8866279125213623,-0.1315479278564453,0.5705110430717468,0.7993666529655457,-0.07967051863670349,0.5584557056427002,0.8299080729484558,-0.10670295357704163,0.5473458170890808,0.8537576198577881,-0.12016893923282623,0.5340505242347717,0.8807746767997742,-0.13294464349746704,0.6059115529060364,0.7918556928634644,-0.08639973402023315,0.6085721850395203,0.8081996440887451,-0.11346594989299774,0.608550488948822,0.8212140798568726,-0.12496747821569443,0.6071076989173889,0.8378741145133972,-0.1353135108947754
Place,20260726_154005_185125,9,0.5704202651977539,0.7566092610359192,1.8858952444134047e-07,0.5212484002113342,0.7388769388198853,-0.02111152932047844,0.4701845049858093,0.7457151412963867,-0.04017177224159241,0.4271910786628723,0.7453390955924988,-0.05684075132012367,0.3857778310775757,0.7483187913894653,-0.0775165930390358,0.5026368498802185,0.7858523726463318,-0.06462443619966507,0.48332858085632324,0.8270086646080017,-0.09196149557828903,0.4728533625602722,0.8539403676986694,-0.10977537930011749,0.4627706706523895,0.8790324926376343,-0.12377960979938507,0.5343566536903381,0.7989476919174194,-0.07195555418729782,0.5178912281990051,0.8327845335006714,-0.09785770624876022,0.5066652297973633,0.8585655093193054,-0.11383035778999329,0.49644747376441956,0.8838986158370972,-0.12939202785491943,0.570667028427124,0.8010300397872925,-0.07925505936145782,0.5581446886062622,0.8291091918945312,-0.10592995584011078,0.5471317172050476,0.8525168895721436,-0.11909321695566177,0.5337337255477905,0.8774945139884949,-0.1317467838525772,0.6064127683639526,0.7938855886459351,-0.08709878474473953,0.6088717579841614,0.8089779615402222,-0.113739512860775,0.6076096892356873,0.8216245174407959,-0.12501341104507446,0.6044536828994751,0.8364854454994202,-0.13529108464717865
Place,20260726_154005_185125,10,0.5689375996589661,0.7522910237312317,2.127685689856662e-07,0.5202158689498901,0.7384074926376343,-0.01830321177840233,0.469927579164505,0.7459274530410767,-0.03543257713317871,0.4267870783805847,0.7450941205024719,-0.05065784230828285,0.3848525285720825,0.7446247339248657,-0.06990639865398407,0.5042102932929993,0.7817977070808411,-0.05950444936752319,0.48441818356513977,0.8225035071372986,-0.08370281755924225,0.4720756411552429,0.8508644700050354,-0.09911254048347473,0.46034476161003113,0.8762348294258118,-0.11133381724357605,0.5347709059715271,0.7961342930793762,-0.06667210161685944,0.5163909196853638,0.8314791321754456,-0.08849357813596725,0.5024564862251282,0.8607662320137024,-0.10202670097351074,0.49078038334846497,0.8883705139160156,-0.1160302460193634,0.5700300931930542,0.8001157641410828,-0.07352058589458466,0.5582288503646851,0.8276341557502747,-0.09633931517601013,0.545866072177887,0.8520883321762085,-0.1075751930475235,0.5318629741668701,0.8777835369110107,-0.11922387033700943,0.6044270992279053,0.7950277924537659,-0.0808226615190506,0.6092404723167419,0.8072925209999084,-0.10458440333604813,0.6090406179428101,0.819494366645813,-0.11415417492389679,0.6072654128074646,0.8356938362121582,-0.12323618680238724
Place,20260726_154005_185125,11,0.5733398199081421,0.7567073702812195,2.2688281831051427e-07,0.5239181518554688,0.7389296293258667,-0.022496260702610016,0.4718654453754425,0.7467583417892456,-0.041287921369075775,0.426624059677124,0.7459315657615662,-0.05748512223362923,0.38265475630760193,0.7469919919967651,-0.07770329713821411,0.5040051341056824,0.7846684455871582,-0.06368119269609451,0.4835076332092285,0.8239027857780457,-0.0892387181520462,0.47068315744400024,0.8519975543022156,-0.10587435215711594,0.4573933780193329,0.8777768015861511,-0.11956130713224411,0.5343635082244873,0.798204243183136,-0.06992752850055695,0.5164441466331482,0.8310824632644653,-0.09546788036823273,0.502865731716156,0.8588858246803284,-0.11221377551555634,0.48979824781417847,0.8875359296798706,-0.1286087930202484,0.5702469944953918,0.7999686598777771,-0.07602929323911667,0.5576245188713074,0.8266271948814392,-0.1026071161031723,0.5454692244529724,0.8514646887779236,-0.11635883152484894,0.531453549861908,0.8793931603431702,-0.12949919700622559,0.6060376763343811,0.7932561039924622,-0.08278010040521622,0.6076520085334778,0.808114230632782,-0.1098441556096077,0.6068586111068726,0.8216062784194946,-0.12155456840991974,0.6051177978515625,0.8408737182617188,-0.13220354914665222
Place,20260726_154005_185125,12,0.5665704011917114,0.7500600218772888,1.9789189309449284e-07,0.518871545791626,0.7358309030532837,-0.01853403076529503,0.4686698913574219,0.7450433373451233,-0.03546799719333649,0.42629581689834595,0.7475541234016418,-0.05050692707300186,0.38503730297088623,0.7498628497123718,-0.06940743327140808,0.5037473440170288,0.782271146774292,-0.05951601639389992,0.48290666937828064,0.8252869248390198,-0.08434120565652847,0.4702876806259155,0.8550000190734863,-0.100345678627491,0.45857056975364685,0.8816483020782471,-0.11325664073228836,0.5345246195793152,0.7956119775772095,-0.06686140596866608,0.5159988403320312,0.8316935896873474,-0.0905630812048912,0.5027315020561218,0.860309898853302,-0.10563310235738754,0.4917932450771332,0.887140154838562,-0.12048966437578201,0.5693701505661011,0.7987011075019836,-0.07391814887523651,0.5572988986968994,0.8281520009040833,-0.09931130707263947,0.5458537936210632,0.8525238037109375,-0.11251726001501083,0.5328762531280518,0.8780365586280823,-0.12503744661808014,0.6032446026802063,0.793712317943573,-0.0812540277838707,0.6061771512031555,0.8075858950614929,-0.107148677110672,0.6063116788864136,0.8205099701881409,-0.11835654824972153,0.6057111024856567,0.8367103338241577,-0.1284288763999939
Place,20260726_154005_185125,13,0.5721633434295654,0.7538542151451111,2.300235024677022e-07,0.522006630897522,0.738436222076416,-0.02187398448586464,0.47102341055870056,0.7470183372497559,-0.0407504141330719,0.4256354570388794,0.7463895678520203,-0.05714569240808487,0.38191598653793335,0.7478580474853516,-0.07765746861696243,0.5022057294845581,0.7837633490562439,-0.06295010447502136,0.4832375645637512,0.8251923322677612,-0.08826760202646255,0.4712201654911041,0.8540784120559692,-0.10472190380096436,0.45853468775749207,0.879922091960907,-0.11802906543016434,0.5331920385360718,0.7968058586120605,-0.0691240206360817,0.5159796476364136,0.8298190236091614,-0.09398892521858215,0.5026639699935913,0.8563779592514038,-0.10955815762281418,0.4898689091205597,0.8827471137046814,-0.124845489859581,0.5696685314178467,0.7980589270591736,-0.07518303394317627,0.5571497082710266,0.8265637159347534,-0.10058841854333878,0.5452536940574646,0.8529738187789917,-0.11317920684814453,0.5314480662345886,0.8811624050140381,-0.1254984587430954,0.6061446666717529,0.7908383011817932,-0.08194787800312042,0.6081956028938293,0.8073541522026062,-0.10794767737388611,0.6068231463432312,0.8216947913169861,-0.11889472603797913,0.6044046878814697,0.8407016396522522,-0.12889516353607178
Place,20260726_154005_185125,14,0.5698630809783936,0.7539893388748169,2.0492608143740654e-07,0.5218373537063599,0.7381088137626648,-0.02029019221663475,0.47056668996810913,0.7481043338775635,-0.036956753581762314,0.4266956150531769,0.7511665225028992,-0.05171084776520729,0.3839753270149231,0.7531605362892151,-0.07014085352420807,0.5011478662490845,0.789063036441803,-0.05629676952958107,0.4800761938095093,0.8315191268920898,-0.081395722925663,0.4675769507884979,0.8591128587722778,-0.09822490066289902,0.4560987949371338,0.8832612633705139,-0.11154413223266602,0.5327324867248535,0.803331196308136,-0.0629122331738472,0.5150937438011169,0.8382260799407959,-0.08561746031045914,0.5021578669548035,0.8635801672935486,-0.10009993612766266,0.49112018942832947,0.8863268494606018,-0.11455592513084412,0.5690712928771973,0.8059002757072449,-0.07006995379924774,0.5574479699134827,0.8362886309623718,-0.09452469646930695,0.5459262132644653,0.857689380645752,-0.10683485865592957,0.5323122143745422,0.8791882395744324,-0.11872175335884094,0.6044222712516785,0.7988349199295044,-0.07796519994735718,0.6064355969429016,0.8153347969055176,-0.10319194197654724,0.605850100517273,0.8280999660491943,-0.1140308827161789,0.6041373014450073,0.8423829078674316,-0.12374819070100784
Place,20260726_154005_185125,15,0.5700246095657349,0.7541815042495728,2.1696607177545957e-07,0.5200659036636353,0.7393379807472229,-0.022791557013988495,0.46934324502944946,0.7494235634803772,-0.042719658464193344,0.42427340149879456,0.7501628398895264,-0.060229286551475525,0.37988319993019104,0.7513802647590637,-0.08152588456869125,0.4998008608818054,0.7900037169456482,-0.06437338888645172,0.4805092215538025,0.8311057090759277,-0.0923747643828392,0.4688207805156708,0.8577600121498108,-0.11084368824958801,0.4567905068397522,0.8796815872192383,-0.12534351646900177,0.5322452783584595,0.8030193448066711,-0.07093262672424316,0.5159167647361755,0.8359331488609314,-0.09851300716400146,0.5030289888381958,0.8601258993148804,-0.11580716818571091,0.49021464586257935,0.88222736120224,-0.13214893639087677,0.5691227316856384,0.8040593266487122,-0.077712781727314,0.5577149391174316,0.8329267501831055,-0.10555911809206009,0.5463621020317078,0.8560572266578674,-0.11925847828388214,0.5318723320960999,0.879548192024231,-0.13209083676338196,0.6053264141082764,0.7954490184783936,-0.08527958393096924,0.6062014698982239,0.8127099871635437,-0.11283577233552933,0.6045814156532288,0.8287841081619263,-0.12510329484939575,0.60105299949646,0.848358690738678,-0.13609854876995087
Place,20260726_154005_185125,16,0.5687612295150757,0.7681575417518616,2.203075410989186e-07,0.5212790966033936,0.7453136444091797,-0.023924240842461586,0.4706568717956543,0.7509937286376953,-0.043198708444833755,0.4264419674873352,0.7508219480514526,-0.05959649011492729,0.38317418098449707,0.7509169578552246,-0.08032485842704773,0.49940037727355957,0.7943907380104065,-0.06497152149677277,0.482816606760025,0.8316850662231445,-0.09129678457975388,0.47132614254951477,0.8564306497573853,-0.10872340947389603,0.45909327268600464,0.8792632222175598,-0.1226273700594902,0.5296818614006042,0.8106893301010132,-0.07067067921161652,0.5137183666229248,0.8433443307876587,-0.0949358195066452,0.5012889504432678,0.8671104907989502,-0.11007680743932724,0.4888681173324585,0.8917426466941833,-0.12513847649097443,0.565691351890564,0.8142824769020081,-0.07659713923931122,0.5557606816291809,0.8435176014900208,-0.10221366584300995,0.5458036065101624,0.8644667863845825,-0.11473335325717926,0.532376766204834,0.8881239891052246,-0.12710680067539215,0.6018089652061462,0.8079944849014282,-0.08340227603912354,0.6067710518836975,0.8219500780105591,-0.10934114456176758,0.6076697111129761,0.831255316734314,-0.11981059610843658,0.6057934761047363,0.8440020680427551,-0.12958009541034698
Place,20260726_154005_185125,17,0.569448709487915,0.7629687786102295,2.0146707413459808e-07,0.5203596353530884,0.7451786398887634,-0.021225832402706146,0.47094351053237915,0.7508316040039062,-0.04166686162352562,0.4287581741809845,0.7491967082023621,-0.05980449914932251,0.38572561740875244,0.7477174401283264,-0.08171215653419495,0.5049757361412048,0.7882923483848572,-0.06801538169384003,0.4844202697277069,0.826295018196106,-0.09764428436756134,0.4725329279899597,0.8511133193969727,-0.11675535142421722,0.4613400101661682,0.8729162216186523,-0.1315304934978485,0.5359852313995361,0.8022925853729248,-0.07600320875644684,0.5170468688011169,0.8363451361656189,-0.10532626509666443,0.5029592514038086,0.86248779296875,-0.12386137992143631,0.4910407066345215,0.8868943452835083,-0.14111880958080292,0.5710586905479431,0.8058591485023499,-0.08364731073379517,0.5592215657234192,0.8307617902755737,-0.11339940130710602,0.5469051599502563,0.8522798418998718,-0.12885724008083344,0.5324096083641052,0.8754748106002808,-0.14292123913764954,0.6053835153579712,0.8002215027809143,-0.0916692465543747,0.6084845662117004,0.8125635981559753,-0.12027247995138168,0.6080392599105835,0.8250502943992615,-0.13318923115730286,0.6063196659088135,0.841545820236206,-0.1449424773454666
Place,20260726_154005_185125,18,0.5703031420707703,0.7615408301353455,2.1005654105010763e-07,0.5227203965187073,0.7429454326629639,-0.021193599328398705,0.472017377614975,0.7487322092056274,-0.039518337696790695,0.42871221899986267,0.7491351962089539,-0.05559595674276352,0.3856848478317261,0.7490252256393433,-0.07560299336910248,0.5049453377723694,0.7862102389335632,-0.0624639131128788,0.4851973354816437,0.8239086866378784,-0.08878003060817719,0.47292226552963257,0.8499861359596252,-0.105712890625,0.46066921949386597,0.8736985921859741,-0.11909305304288864,0.5356587171554565,0.8019939064979553,-0.06932736933231354,0.5171992778778076,0.8342011570930481,-0.09330940246582031,0.5039830803871155,0.8606177568435669,-0.10814516246318817,0.49216899275779724,0.8856136202812195,-0.12297254800796509,0.571049153804779,0.8063377141952515,-0.07633277773857117,0.5588415861129761,0.8316947221755981,-0.10242778062820435,0.5481138825416565,0.8529051542282104,-0.11536362767219543,0.5345360040664673,0.8761464953422546,-0.12778285145759583,0.6059163808822632,0.8009642362594604,-0.08392549306154251,0.6095853447914124,0.813399612903595,-0.11055104434490204,0.6102170348167419,0.8247531056404114,-0.12171603739261627,0.6089622378349304,0.8389190435409546,-0.13182879984378815
Place,20260726_154005_185125,19,0.5697557926177979,0.7627435326576233,2.0857712001998152e-07,0.5220054388046265,0.7447084784507751,-0.020977694541215897,0.47173458337783813,0.7497849464416504,-0.03952089697122574,0.42883482575416565,0.7493118643760681,-0.055836353451013565,0.3859591484069824,0.7487985491752625,-0.07599203288555145,0.504948616027832,0.7866248488426208,-0.06278303265571594,0.4852409064769745,0.8243405818939209,-0.08918999880552292,0.47292327880859375,0.8505522608757019,-0.10608313232660294,0.4609251022338867,0.8740285634994507,-0.11937721073627472,0.535906195640564,0.802071750164032,-0.06975798308849335,0.5173073410987854,0.8342766761779785,-0.09408971667289734,0.5039491057395935,0.8608474731445312,-0.10907669365406036,0.4924168586730957,0.8853769898414612,-0.12399867922067642,0.5713132619857788,0.8062699437141418,-0.07680418342351913,0.5591858625411987,0.8305758833885193,-0.10305263847112656,0.5482609272003174,0.851904034614563,-0.11615550518035889,0.534829318523407,0.8749018907546997,-0.12867309153079987,0.6060808897018433,0.8007904291152954,-0.08440414816141129,0.6095567345619202,0.8124966025352478,-0.11104265600442886,0.6098471283912659,0.8246337175369263,-0.12246585637331009,0.6084297299385071,0.8397815227508545,-0.1328250914812088
Place,20260726_154005_185125,20,0.5562524199485779,0.7690179347991943,1.7853170675152796e-07,0.5113176107406616,0.7492274641990662,-0.016368133947253227,0.46518850326538086,0.7498273253440857,-0.03463666886091232,0.4249487817287445,0.7476150989532471,-0.050509583204984665,0.38402366638183594,0.74571692943573,-0.06972622871398926,0.5044726133346558,0.7769464254379272,-0.06284316629171371,0.4868733286857605,0.8204625248908997,-0.08476170897483826,0.47724220156669617,0.8453138470649719,-0.09556863456964493,0.46598029136657715,0.864196240901947,-0.10514088720083237,0.5383317470550537,0.7952560186386108,-0.06952076405286789,0.5190032124519348,0.8421751260757446,-0.09122242033481598,0.5102785229682922,0.8536421656608582,-0.09823340177536011,0.5014876127243042,0.8594849109649658,-0.10661977529525757,0.5718063712120056,0.8032349348068237,-0.07526295632123947,0.5574950575828552,0.8469505310058594,-0.0986999049782753,0.552112340927124,0.8532689213752747,-0.10187557339668274,0.5408044457435608,0.8588293790817261,-0.1071043461561203,0.5994933247566223,0.8021899461746216,-0.08121754229068756,0.6141317486763,0.8193475604057312,-0.10739947855472565,0.621310830116272,0.8212852478027344,-0.11547288298606873,0.6220560669898987,0.8240668773651123,-0.12249300628900528
Place,20260726_154005_185125,21,0.5604573488235474,0.7768018841743469,5.412421089090458e-08,0.5156097412109375,0.7524900436401367,-0.021639205515384674,0.46840667724609375,0.7535456418991089,-0.0387764535844326,0.4240298867225647,0.7509634494781494,-0.05371185019612312,0.38250836730003357,0.7505284547805786,-0.07107801735401154,0.4948226809501648,0.8114386796951294,-0.05105006322264671,0.47991931438446045,0.8416339755058289,-0.07313340902328491,0.4792232811450958,0.8473976254463196,-0.08611899614334106,0.4753398001194,0.8539623022079468,-0.096177838742733,0.5290452241897583,0.8297944664955139,-0.05473925173282623,0.5143839120864868,0.8514195680618286,-0.07671960443258286,0.5166107416152954,0.8439727425575256,-0.08516877144575119,0.5151456594467163,0.8434833288192749,-0.09259221702814102,0.5634459853172302,0.8332672715187073,-0.05903400853276253,0.5537083745002747,0.8516073226928711,-0.08382094651460648,0.5570526123046875,0.8415497541427612,-0.08656077831983566,0.5528483986854553,0.8431897163391113,-0.08929111808538437,0.5933945178985596,0.8273361325263977,-0.06432367861270905,0.6081963181495667,0.8293055295944214,-0.08966311067342758,0.6212235689163208,0.8168949484825134,-0.09404804557561874,0.6263524293899536,0.8151992559432983,-0.09675096720457077
Place,20260726_154005_185125,22,0.5734151601791382,0.7673885822296143,-2.2122202381069656e-07,0.5260795950889587,0.7407101392745972,-0.02499925158917904,0.4743010997772217,0.7447161674499512,-0.04224332422018051,0.42893916368484497,0.7535738945007324,-0.056900884956121445,0.38721632957458496,0.7566578984260559,-0.0725351870059967,0.5033413767814636,0.83099764585495,-0.044362183660268784,0.5107586979866028,0.814943790435791,-0.06621108204126358,0.5216202735900879,0.795532763004303,-0.08247006684541702,0.5283769369125366,0.796055018901825,-0.09425461292266846,0.5357653498649597,0.8398210406303406,-0.04429138824343681,0.544673502445221,0.8152817487716675,-0.06314103305339813,0.5533773303031921,0.7966126203536987,-0.07420716434717178,0.559319257736206,0.7945367097854614,-0.08460329473018646,0.5651082396507263,0.8410115242004395,-0.04519408941268921,0.5740573406219482,0.8168753981590271,-0.06458039581775665,0.5850452780723572,0.8001840114593506,-0.06652504205703735,0.5910477638244629,0.8010104298591614,-0.06907249242067337,0.5912127494812012,0.8391968011856079,-0.04809989035129547,0.6027097702026367,0.8196063041687012,-0.06341593712568283,0.615720808506012,0.8066349625587463,-0.06283002346754074,0.6235254406929016,0.8068428039550781,-0.06249471381306648
Place,20260726_154005_185125,23,0.5640528798103333,0.7549794912338257,-2.785645847325213e-07,0.5164034962654114,0.7455025315284729,-0.032967709004879,0.47137510776519775,0.7499244213104248,-0.05450183525681496,0.43456780910491943,0.7671383023262024,-0.07089100778102875,0.39672356843948364,0.7860687971115112,-0.09074601531028748,0.5240563154220581,0.7885957956314087,-0.0626462996006012,0.5398434400558472,0.7907044887542725,-0.0907779410481453,0.5591215491294861,0.7936224341392517,-0.11397726088762283,0.5836502909660339,0.8029051423072815,-0.12839773297309875,0.5589881539344788,0.7924412488937378,-0.05793046951293945,0.5925750732421875,0.8008483648300171,-0.08167441189289093,0.6223077774047852,0.8146559000015259,-0.10376361757516861,0.6522459387779236,0.8280870318412781,-0.12303172796964645,0.5863487124443054,0.7919156551361084,-0.053163837641477585,0.6173174977302551,0.7997940182685852,-0.0787789523601532,0.6447669267654419,0.8110587000846863,-0.09367331117391586,0.6665193438529968,0.8183168172836304,-0.10492053627967834,0.6054351329803467,0.7864971160888672,-0.0499030277132988,0.6293420195579529,0.7898826599121094,-0.06914427131414413,0.6520498991012573,0.7972743511199951,-0.0730896145105362,0.6707743406295776,0.8053339123725891,-0.07675587385892868
Place,20260726_154005_185125,24,0.5841439962387085,0.7243713736534119,-1.742022135431398e-07,0.5293688178062439,0.7265584468841553,-0.0315430648624897,0.4807930886745453,0.7473575472831726,-0.05372351035475731,0.4356895685195923,0.7677946090698242,-0.07202673703432083,0.39725634455680847,0.7898061275482178,-0.09286520630121231,0.5416784286499023,0.7950158715248108,-0.05154421925544739,0.5616571307182312,0.8083285093307495,-0.07746776193380356,0.585774302482605,0.8156392574310303,-0.10059572756290436,0.6142885088920593,0.8264068365097046,-0.11589404940605164,0.5788641571998596,0.8011934757232666,-0.04741161689162254,0.6025456786155701,0.8091083765029907,-0.06503518670797348,0.6276389956474304,0.8195391297340393,-0.08313684165477753,0.6540957093238831,0.8306697010993958,-0.09973899275064468,0.6070098876953125,0.7988893389701843,-0.04429307579994202,0.6308221817016602,0.8015470504760742,-0.061157405376434326,0.6490043997764587,0.8112940788269043,-0.07141266763210297,0.6669954657554626,0.824905276298523,-0.0808391273021698,0.6279142498970032,0.7873883843421936,-0.04357694461941719,0.6428754329681396,0.7859604954719543,-0.05631115287542343,0.6599766612052917,0.7898173928260803,-0.057833001017570496,0.676690399646759,0.7989153861999512,-0.060227084904909134
Place,20260726_154005_185125,25,0.5886263847351074,0.7171387672424316,-1.2457252296371735e-07,0.532694935798645,0.7246905565261841,-0.03074445202946663,0.4821746349334717,0.7480055689811707,-0.05197261646389961,0.4348853528499603,0.7674895524978638,-0.07043629139661789,0.3936547040939331,0.7851719856262207,-0.09127810597419739,0.5391526222229004,0.799345850944519,-0.03744575008749962,0.5629417300224304,0.8115267157554626,-0.06212368980050087,0.5892283320426941,0.8207033276557922,-0.0866841971874237,0.6169684529304504,0.8300331830978394,-0.10258126258850098,0.5790896415710449,0.80186527967453,-0.033007118850946426,0.6035639047622681,0.8125284314155579,-0.04824737459421158,0.6291484236717224,0.8229823708534241,-0.06617702543735504,0.6556472182273865,0.8316256999969482,-0.08160224556922913,0.6107602119445801,0.797063946723938,-0.03054942935705185,0.632499098777771,0.8025336265563965,-0.043825529515743256,0.6518469452857971,0.811558187007904,-0.05190670117735863,0.6712948083877563,0.8242494463920593,-0.05909733846783638,0.6357738971710205,0.7840385437011719,-0.030996426939964294,0.6516972184181213,0.7863093614578247,-0.039753567427396774,0.6680049896240234,0.7901653051376343,-0.03867824375629425,0.6839372515678406,0.7987749576568604,-0.03860298916697502
Place,20260726_154005_185125,26,0.5875184535980225,0.7428883910179138,-9.4106134440608e-08,0.5340277552604675,0.7411248087882996,-0.0352608822286129,0.48295775055885315,0.7581019401550293,-0.05858118087053299,0.4353821575641632,0.7798525094985962,-0.07769588381052017,0.397749125957489,0.8050587177276611,-0.09933289140462875,0.5451111197471619,0.7839555740356445,-0.05396188050508499,0.5656702518463135,0.8124280571937561,-0.08113434910774231,0.5898817181587219,0.8332952260971069,-0.10543915629386902,0.6169087886810303,0.8532615900039673,-0.1217026486992836,0.5902231931686401,0.7879530787467957,-0.04863237589597702,0.6176459789276123,0.8112739324569702,-0.06766924262046814,0.6446124315261841,0.8293219208717346,-0.08601614832878113,0.6726679801940918,0.8511978387832642,-0.10321065783500671,0.624923825263977,0.7873936295509338,-0.0449342280626297,0.6515790224075317,0.8014233112335205,-0.06209510937333107,0.671542227268219,0.8176813721656799,-0.07051202654838562,0.6913713216781616,0.8411017656326294,-0.079349085688591,0.6498929262161255,0.7800636291503906,-0.044218532741069794,0.6703747510910034,0.7874147891998291,-0.056240200996398926,0.6888750195503235,0.796116828918457,-0.05650309845805168,0.7069071531295776,0.8116635680198669,-0.058862365782260895
Place,20260726_154005_185125,27,0.5920595526695251,0.7399783730506897,-8.271373275192673e-08,0.5339099764823914,0.7475770115852356,-0.03131049871444702,0.48308658599853516,0.7657671570777893,-0.05540980026125908,0.4369949400424957,0.7839058637619019,-0.07679259032011032,0.4001554250717163,0.8060901165008545,-0.10052860528230667,0.5432251691818237,0.7872254252433777,-0.05080040171742439,0.5597048997879028,0.8121606111526489,-0.07991243898868561,0.5848724842071533,0.831172525882721,-0.10551745444536209,0.614467203617096,0.8477090001106262,-0.12222151458263397,0.5897873640060425,0.7883288860321045,-0.04756026342511177,0.611438512802124,0.8113109469413757,-0.06777410209178925,0.6385610699653625,0.8278628587722778,-0.08496036380529404,0.6680274605751038,0.8441125154495239,-0.10071742534637451,0.6281934380531311,0.786369800567627,-0.045926284044981,0.648236870765686,0.8048833608627319,-0.063334621489048,0.6685982346534729,0.8188344240188599,-0.07057340443134308,0.6910805702209473,0.8360302448272705,-0.07795443385839462,0.658240020275116,0.7780215740203857,-0.04710223898291588,0.6754662990570068,0.7876909375190735,-0.05903477221727371,0.6930311918258667,0.7935478091239929,-0.05887707695364952,0.7101799249649048,0.8017421364784241,-0.06050938740372658
Place,20260726_154005_185125,28,0.5997651219367981,0.7513653635978699,-8.163914344549994e-08,0.5420463681221008,0.7581914663314819,-0.03304875269532204,0.48660674691200256,0.7829415202140808,-0.05603276938199997,0.4350208044052124,0.8061098456382751,-0.07639741152524948,0.3949522376060486,0.8287338614463806,-0.09901424497365952,0.5448707342147827,0.8075765371322632,-0.05090922489762306,0.5668808817863464,0.8487778306007385,-0.08180425316095352,0.5935919284820557,0.8759286999702454,-0.10671752691268921,0.6217226386070251,0.8952025771141052,-0.12194985896348953,0.59288090467453,0.813635528087616,-0.046805188059806824,0.6208981275558472,0.8490346074104309,-0.06976840645074844,0.6499295830726624,0.8700606822967529,-0.0855606272816658,0.6773303747177124,0.8874385356903076,-0.09873157739639282,0.6307861804962158,0.814957857131958,-0.04504314064979553,0.6569761633872986,0.8417654037475586,-0.06484140455722809,0.6799811720848083,0.8626466393470764,-0.0701991394162178,0.7009221315383911,0.8861148357391357,-0.07503177970647812,0.6598384380340576,0.8076183795928955,-0.046364206820726395,0.6806281208992004,0.8248277306556702,-0.06021060422062874,0.7009149193763733,0.837745726108551,-0.060261040925979614,0.7193161845207214,0.8537571430206299,-0.061029259115457535
Place,20260726_154005_185125,29,0.5992808938026428,0.7634580731391907,-7.194913109742629e-08,0.537386953830719,0.7738946080207825,-0.04433418810367584,0.48153263330459595,0.8003045916557312,-0.07328617572784424,0.4304930567741394,0.8279872536659241,-0.09708365797996521,0.38961946964263916,0.8593811392784119,-0.12381337583065033,0.5516796112060547,0.8430866003036499,-0.06680449843406677,0.5856618881225586,0.8874859809875488,-0.10195332765579224,0.6159171462059021,0.9224103093147278,-0.13214246928691864,0.6473568081855774,0.9535937309265137,-0.15192383527755737,0.6018185615539551,0.8408766388893127,-0.059601202607154846,0.6429973244667053,0.8753546476364136,-0.08507650345563889,0.6769677400588989,0.9029436707496643,-0.1058310717344284,0.7078056335449219,0.9309657216072083,-0.12442398816347122,0.6389518976211548,0.8316620588302612,-0.05475855618715286,0.6765145063400269,0.8534675240516663,-0.07791688293218613,0.7027785778045654,0.876022458076477,-0.08654410392045975,0.7235784530639648,0.9056841135025024,-0.09476795792579651,0.6639176607131958,0.8125990033149719,-0.05383140966296196,0.6973260641098022,0.8223833441734314,-0.07134013622999191,0.7207173705101013,0.8354820013046265,-0.07219936698675156,0.7392674684524536,0.85296231508255,-0.07388758659362793
Place,20260726_154005_185125,30,0.5942699313163757,0.7698054909706116,-6.994067547339e-08,0.5324828028678894,0.7862657308578491,-0.04654860123991966,0.4764435291290283,0.8168733716011047,-0.07804728299379349,0.4287109375,0.8420279622077942,-0.1042073667049408,0.3871474266052246,0.8675171732902527,-0.13384485244750977,0.5408082008361816,0.8524481654167175,-0.075279600918293,0.577532172203064,0.8883959650993347,-0.11339953541755676,0.6115202307701111,0.9202156662940979,-0.1455993503332138,0.6433088779449463,0.9479311108589172,-0.1669158637523651,0.5989295244216919,0.8446553349494934,-0.0671730563044548,0.6424984931945801,0.8775825500488281,-0.09524254500865936,0.6795165538787842,0.9035506844520569,-0.11663535237312317,0.7120251059532166,0.9273284673690796,-0.13551293313503265,0.6435946226119995,0.8317416906356812,-0.061024680733680725,0.6830942034721375,0.854953408241272,-0.0862438753247261,0.7118189334869385,0.874330461025238,-0.09499432891607285,0.7361931800842285,0.8985103368759155,-0.10296637564897537,0.6747357845306396,0.8090200424194336,-0.05877135321497917,0.7107672095298767,0.8168802261352539,-0.0786394476890564,0.736960768699646,0.8239796161651611,-0.07980721443891525,0.7578994631767273,0.8357387781143188,-0.08129940181970596
Place,20260726_154005_185125,31,0.5795009136199951,0.7944697141647339,-2.2533900079224622e-08,0.5211763978004456,0.8098553419113159,-0.049449559301137924,0.47120147943496704,0.8411809802055359,-0.0824567973613739,0.42002442479133606,0.866938054561615,-0.11025528609752655,0.37848949432373047,0.8942853808403015,-0.14032761752605438,0.5423756241798401,0.8860278129577637,-0.0737258642911911,0.5855448246002197,0.9336866736412048,-0.11236463487148285,0.6215782761573792,0.9693872928619385,-0.14346887171268463,0.6537734866142273,0.9987083077430725,-0.16343118250370026,0.5904401540756226,0.8787940740585327,-0.06478393822908401,0.6384119987487793,0.925644040107727,-0.09353206306695938,0.678211510181427,0.9589521288871765,-0.11272305250167847,0.710955798625946,0.9864739179611206,-0.12926924228668213,0.6265453100204468,0.8667609691619873,-0.05885028466582298,0.6670804023742676,0.9074338674545288,-0.08442177623510361,0.6995807886123657,0.9377619028091431,-0.09159941226243973,0.727617621421814,0.9673836827278137,-0.09811408817768097,0.6522830724716187,0.8463325500488281,-0.05743316933512688,0.6863710284233093,0.87131267786026,-0.07773088663816452,0.7113437056541443,0.895274817943573,-0.07973384857177734,0.7324427962303162,0.9201293587684631,-0.0817713588476181
Place,20260726_154005_185125,32,0.5671079754829407,0.803144633769989,-4.2986727066818275e-08,0.5091298818588257,0.8126863837242126,-0.05564604699611664,0.45838242769241333,0.8465963006019592,-0.0914166197180748,0.4106152057647705,0.8761321306228638,-0.12010709941387177,0.37284356355667114,0.9079135656356812,-0.15100635588169098,0.5387458205223083,0.8840172290802002,-0.08998577296733856,0.5812805891036987,0.9396566152572632,-0.12955954670906067,0.6186171174049377,0.9746294021606445,-0.15956701338291168,0.6561096906661987,1.004530668258667,-0.17986449599266052,0.5849112868309021,0.881087064743042,-0.07887259125709534,0.6358978152275085,0.9313162565231323,-0.10971812158823013,0.6810065507888794,0.9625706076622009,-0.13163332641124725,0.7246950268745422,0.9909713268280029,-0.15122762322425842,0.618878960609436,0.8705457448959351,-0.0700000450015068,0.6653697490692139,0.9096998572349548,-0.09589109569787979,0.7062480449676514,0.9401435256004333,-0.10886349529027939,0.7458807229995728,0.969298243522644,-0.12057752162218094,0.6440547704696655,0.8517324328422546,-0.06577292829751968,0.683944046497345,0.8760138154029846,-0.0870761051774025,0.7174621224403381,0.897552490234375,-0.0945211723446846,0.7495759725570679,0.9187215566635132,-0.10129585862159729
Place,20260726_154005_185125,33,0.5533609986305237,0.8067395091056824,1.2497758916651946e-07,0.49697136878967285,0.8139775395393372,-0.06439284235239029,0.4544109106063843,0.8413255214691162,-0.10703650861978531,0.4133375585079193,0.8735657334327698,-0.14041824638843536,0.3762594759464264,0.9074435830116272,-0.17524313926696777,0.5398061275482178,0.8903288841247559,-0.1072370707988739,0.5859927535057068,0.9408559799194336,-0.1500522345304489,0.6228535175323486,0.9786273241043091,-0.1805102378129959,0.6581159234046936,1.0103118419647217,-0.20175151526927948,0.5862045288085938,0.8867214322090149,-0.09330464899539948,0.6402188539505005,0.9381061792373657,-0.1285788118839264,0.6843171119689941,0.9739189743995667,-0.15009066462516785,0.7276586294174194,1.0073187351226807,-0.1693100929260254,0.6205262541770935,0.8737226128578186,-0.08161923289299011,0.668496310710907,0.9163340330123901,-0.11190752685070038,0.7085222005844116,0.9508788585662842,-0.12508535385131836,0.7483062148094177,0.9840921759605408,-0.1364598125219345,0.6457492709159851,0.8509171009063721,-0.07498791068792343,0.6855744123458862,0.8785313963890076,-0.10021733492612839,0.7176806330680847,0.9017308354377747,-0.10920128971338272,0.7494617700576782,0.9241307377815247,-0.11682580411434174
Place,20260726_154005_185125,34,0.5482617020606995,0.817464292049408,4.396741246637248e-07,0.49533435702323914,0.819141149520874,-0.07660076022148132,0.4605063199996948,0.8405224680900574,-0.12911422550678253,0.42165911197662354,0.870330810546875,-0.17090146243572235,0.3865497410297394,0.9048932194709778,-0.21288888156414032,0.5494838356971741,0.9012549519538879,-0.1291392296552658,0.597458004951477,0.954761266708374,-0.17798389494419098,0.6334232091903687,0.9946622252464294,-0.2089528888463974,0.6638078689575195,1.0297996997833252,-0.23050682246685028,0.5943812727928162,0.8957586884498596,-0.1118834912776947,0.6463783979415894,0.9460040330886841,-0.15812887251377106,0.6881916522979736,0.9845321178436279,-0.18508784472942352,0.7265771627426147,1.0225956439971924,-0.20655284821987152,0.6261136531829834,0.8828409314155579,-0.09689828008413315,0.673287034034729,0.9226518869400024,-0.13444313406944275,0.7097506523132324,0.9570862650871277,-0.15309789776802063,0.7418420314788818,0.9892677664756775,-0.16707843542099,0.6461467146873474,0.861886739730835,-0.08771994709968567,0.6879487633705139,0.8847050666809082,-0.11785763502120972,0.7193910479545593,0.9043616056442261,-0.13279423117637634,0.7483564019203186,0.9228841662406921,-0.1443082094192505
Place,20260726_154005_185125,35,0.5252086520195007,0.8240664005279541,5.935378908361599e-07,0.48127394914627075,0.8328710198402405,-0.07864426076412201,0.4518923759460449,0.8570039868354797,-0.13190914690494537,0.4149606227874756,0.8914174437522888,-0.17340844869613647,0.37931308150291443,0.9224762916564941,-0.2139953225851059,0.5657902956008911,0.9192654490470886,-0.12244053184986115,0.6187828779220581,0.9743987917900085,-0.16761009395122528,0.6585239768028259,1.0026823282241821,-0.19575080275535583,0.6932233572006226,1.0257407426834106,-0.21438974142074585,0.602834165096283,0.9101893305778503,-0.10088559240102768,0.6632938981056213,0.9580128788948059,-0.14230412244796753,0.7085314989089966,0.9885495901107788,-0.16708120703697205,0.7476726770401001,1.0165759325027466,-0.18530336022377014,0.6271364092826843,0.8989534378051758,-0.08212648332118988,0.6863567233085632,0.9338784217834473,-0.11458983272314072,0.7271131277084351,0.9596003293991089,-0.13419705629348755,0.7609678506851196,0.9819449186325073,-0.14764504134655,0.6408628225326538,0.8847982287406921,-0.06918463855981827,0.6917346715927124,0.9024456739425659,-0.09360935539007187,0.7288318872451782,0.9171557426452637,-0.10852878540754318,0.7600488662719727,0.9319939613342285,-0.11929901689291
Place,20260726_154005_185125,36,0.5383234620094299,0.8187814950942993,6.467175808211323e-07,0.49155092239379883,0.8267495036125183,-0.0734071135520935,0.4551338255405426,0.8537564277648926,-0.1270432472229004,0.4149573743343353,0.893959641456604,-0.17060086131095886,0.37688034772872925,0.9285491108894348,-0.21383681893348694,0.5620284080505371,0.9126255512237549,-0.1182226687669754,0.6026466488838196,0.9644707441329956,-0.1627681851387024,0.6362740993499756,0.9899308085441589,-0.19038735330104828,0.6687291860580444,1.0158494710922241,-0.2095007300376892,0.6064316034317017,0.906963586807251,-0.1018681600689888,0.6587502956390381,0.9572902917861938,-0.14010167121887207,0.6987497806549072,0.9886946082115173,-0.16204474866390228,0.7328428030014038,1.0184321403503418,-0.17933262884616852,0.6374073028564453,0.8955275416374207,-0.08842390775680542,0.6907469034194946,0.9336593151092529,-0.11921558529138565,0.7278177738189697,0.9621726274490356,-0.13744962215423584,0.7572134137153625,0.9873062372207642,-0.15063226222991943,0.6570579409599304,0.877356767654419,-0.08052956312894821,0.7045503258705139,0.8969373106956482,-0.10372219234704971,0.7385258078575134,0.9147200584411621,-0.11704806238412857,0.765733003616333,0.9353380799293518,-0.12730436027050018
Place,20260726_154005_185125,37,0.5448126792907715,0.8415234684944153,5.979417778689822e-07,0.5000011920928955,0.8473598957061768,-0.07252263277769089,0.4684114456176758,0.8743215799331665,-0.12318751215934753,0.4325193166732788,0.9103074073791504,-0.1636296510696411,0.39752691984176636,0.9372236728668213,-0.2031429260969162,0.5749501585960388,0.9341636300086975,-0.11250316351652145,0.6211431622505188,0.9816724061965942,-0.1572270393371582,0.6573634147644043,1.0082263946533203,-0.1857243925333023,0.6911117434501648,1.0328001976013184,-0.2043890804052353,0.6154419183731079,0.9282907843589783,-0.09400250017642975,0.6728879809379578,0.9672481417655945,-0.13420672714710236,0.7174961566925049,0.9947023987770081,-0.15916387736797333,0.7579907178878784,1.022486686706543,-0.17713996767997742,0.6426645517349243,0.9197536706924438,-0.07793612778186798,0.6982369422912598,0.9474825263023376,-0.11070413142442703,0.73943030834198,0.9704234004020691,-0.13057826459407806,0.7736840844154358,0.9924798011779785,-0.14305607974529266,0.6589577198028564,0.9069873094558716,-0.06716547906398773,0.706068754196167,0.9255149364471436,-0.08964035660028458,0.7422842383384705,0.9385744333267212,-0.10238778591156006,0.7730439901351929,0.9544563889503479,-0.11123797297477722
Place,20260726_154005_185125,38,0.5531225800514221,0.8221082091331482,6.487326231763291e-07,0.511871874332428,0.8260953426361084,-0.07641854882240295,0.47882509231567383,0.8543612957000732,-0.12996704876422882,0.4387153089046478,0.8959277868270874,-0.1730043888092041,0.4046940207481384,0.9304648637771606,-0.21559487283229828,0.5830698013305664,0.9232713580131531,-0.1169973760843277,0.620995819568634,0.9726528525352478,-0.16360630095005035,0.6545255780220032,1.0004281997680664,-0.1940794289112091,0.6870899796485901,1.0269304513931274,-0.21516352891921997,0.6238517165184021,0.9157746434211731,-0.09911048412322998,0.6721193790435791,0.9627510905265808,-0.14141641557216644,0.7102106213569641,0.9946179986000061,-0.16743354499340057,0.7449996471405029,1.024409294128418,-0.18689921498298645,0.6518888473510742,0.9028223156929016,-0.08453302085399628,0.7013788819313049,0.9396740198135376,-0.11814738810062408,0.7381881475448608,0.9665871858596802,-0.13818633556365967,0.7698025703430176,0.9906808137893677,-0.15214037895202637,0.6690627932548523,0.884838879108429,-0.07587773352861404,0.7135421633720398,0.9052220582962036,-0.1014011800289154,0.7484495043754578,0.9206286668777466,-0.11645902693271637,0.7782443761825562,0.9382883906364441,-0.127461239695549
Place,20260726_154005_185125,39,0.5512979626655579,0.8272129893302917,6.203015914252319e-07,0.5114115476608276,0.830181360244751,-0.07366479188203812,0.47903960943222046,0.8543523550033569,-0.12628795206546783,0.4394100308418274,0.890920877456665,-0.16883713006973267,0.4067384600639343,0.923507809638977,-0.21062329411506653,0.5831203460693359,0.9230759143829346,-0.11440280079841614,0.6233921051025391,0.9734609723091125,-0.1600199192762375,0.6561898589134216,1.0005953311920166,-0.18898780643939972,0.6858630180358887,1.0277332067489624,-0.20856547355651855,0.622549295425415,0.9157373309135437,-0.09742587804794312,0.6747203469276428,0.9593852162361145,-0.13948749005794525,0.7149214744567871,0.9904824495315552,-0.16505102813243866,0.7502076625823975,1.021815538406372,-0.18361783027648926,0.649356484413147,0.9053764343261719,-0.08346222341060638,0.7018448114395142,0.9396697878837585,-0.1171468049287796,0.7400545477867126,0.9669559597969055,-0.1367003321647644,0.7719513773918152,0.9938546419143677,-0.14973798394203186,0.6656087636947632,0.8909315466880798,-0.07502993941307068,0.7125762701034546,0.908215343952179,-0.10055198520421982,0.7479314804077148,0.9244346618652344,-0.11515496671199799,0.7773239612579346,0.945385217666626,-0.12529747188091278
Place,20260726_154005_185125,40,0.5533315539360046,0.8245280385017395,6.105203169681772e-07,0.5122487545013428,0.8278453350067139,-0.07340449839830399,0.47897663712501526,0.852401614189148,-0.1265869140625,0.441357284784317,0.8911207318305969,-0.1699712574481964,0.41058263182640076,0.9256685972213745,-0.21256452798843384,0.5821673274040222,0.923871636390686,-0.11460395157337189,0.6212021112442017,0.9746077656745911,-0.1613708734512329,0.6536362767219543,1.0013947486877441,-0.191053569316864,0.6834660768508911,1.027453899383545,-0.21105891466140747,0.6228726506233215,0.9176219701766968,-0.09872541576623917,0.6739311814308167,0.9626107215881348,-0.1414109319448471,0.7122049927711487,0.9934767484664917,-0.16722722351551056,0.7461569309234619,1.024707317352295,-0.18610665202140808,0.650450587272644,0.9065799713134766,-0.08603835105895996,0.7020295262336731,0.940748393535614,-0.12042118608951569,0.7396674156188965,0.9679194688796997,-0.1405971348285675,0.7712064385414124,0.9942546486854553,-0.15434999763965607,0.667163610458374,0.8911129236221313,-0.07889964431524277,0.7125492691993713,0.909101128578186,-0.104650117456913,0.7473939657211304,0.9257022738456726,-0.11961900442838669,0.7774468660354614,0.9464808702468872,-0.13038645684719086
Place,20260726_154005_185125,41,0.5525219440460205,0.784690260887146,4.56569182460953e-07,0.5163425803184509,0.7822336554527283,-0.06117541342973709,0.48396462202072144,0.7979655265808105,-0.10647294670343399,0.44488662481307983,0.8253872990608215,-0.14369888603687286,0.41248685121536255,0.8420460224151611,-0.18057933449745178,0.5638908743858337,0.8535825610160828,-0.10216178745031357,0.5872905850410461,0.8885453343391418,-0.1440671682357788,0.6085971593856812,0.9159409403800964,-0.17098720371723175,0.6297138929367065,0.9463345408439636,-0.18958128988742828,0.6077461242675781,0.8607112765312195,-0.09025195986032486,0.6480666995048523,0.9033292531967163,-0.12462933361530304,0.6778740882873535,0.9375481605529785,-0.14145083725452423,0.7025589346885681,0.9704367518424988,-0.15487144887447357,0.6376166343688965,0.8592922687530518,-0.08125773817300797,0.682187557220459,0.8931077718734741,-0.10989909619092941,0.7100951075553894,0.9230073690414429,-0.123057059943676,0.7330373525619507,0.9498845934867859,-0.1320110261440277,0.654229462146759,0.8512428402900696,-0.07727207243442535,0.6964951157569885,0.8675373196601868,-0.09903297573328018,0.7252441644668579,0.885315477848053,-0.10880493372678757,0.7490900158882141,0.9036943316459656,-0.11587781459093094
Place,20260726_154005_185125,42,0.5509496331214905,0.7920677065849304,5.168110988051922e-07,0.5168154835700989,0.7866717576980591,-0.0649491548538208,0.4878571033477783,0.7992069721221924,-0.11293744295835495,0.45280373096466064,0.825054943561554,-0.1525638997554779,0.4214290976524353,0.8491488099098206,-0.19209127128124237,0.5665469765663147,0.8598017692565918,-0.10796774923801422,0.5908423662185669,0.8986331820487976,-0.15131935477256775,0.6096366047859192,0.9280441999435425,-0.1792430728673935,0.6289464235305786,0.9577913880348206,-0.19863539934158325,0.6077677607536316,0.863661527633667,-0.09499721229076385,0.6492682695388794,0.9006990194320679,-0.13189484179019928,0.6796858310699463,0.931307852268219,-0.1507064253091812,0.707504153251648,0.959829568862915,-0.16547439992427826,0.6357973217964172,0.858567476272583,-0.08520440012216568,0.6819591522216797,0.887427568435669,-0.11627605557441711,0.7098475694656372,0.9142224192619324,-0.13136067986488342,0.7332519292831421,0.9377878308296204,-0.14186327159404755,0.6514647603034973,0.8471946120262146,-0.08048714697360992,0.6931155920028687,0.8604967594146729,-0.10476426780223846,0.7214909195899963,0.8758160471916199,-0.11684941500425339,0.7446500658988953,0.8931781053543091,-0.12571418285369873
Place,20260726_154005_185125,43,0.5575754642486572,0.7818986177444458,1.6015013670767075e-07,0.5199198722839355,0.7632119059562683,-0.05909019708633423,0.4867829382419586,0.7629178166389465,-0.10414737462997437,0.4437418580055237,0.7665950655937195,-0.14251276850700378,0.4099925458431244,0.7712538242340088,-0.18117594718933105,0.544197142124176,0.8342459201812744,-0.09503553062677383,0.5651054382324219,0.8622007966041565,-0.13329455256462097,0.5859496593475342,0.8693845272064209,-0.15875564515590668,0.6046103835105896,0.8705801963806152,-0.17580577731132507,0.5806865096092224,0.8416990041732788,-0.08270678669214249,0.6083623170852661,0.8665851354598999,-0.11500225961208344,0.627504825592041,0.8619940280914307,-0.12899233400821686,0.6409350633621216,0.8502976894378662,-0.1400621235370636,0.6114363670349121,0.840236485004425,-0.07362471520900726,0.6392359137535095,0.8584631681442261,-0.09914703667163849,0.6554625630378723,0.8492195010185242,-0.10509833693504333,0.6669836044311523,0.839301347732544,-0.10941285640001297,0.6358433961868286,0.8305209875106812,-0.06970394402742386,0.6642194986343384,0.8386598229408264,-0.0872545838356018,0.6790521144866943,0.8302590250968933,-0.09059637039899826,0.6881234645843506,0.8206632137298584,-0.0935237929224968
Place,20260726_154005_185125,44,0.5804517269134521,0.8323604464530945,4.029696043517106e-08,0.5302439332008362,0.8117006421089172,-0.036699432879686356,0.47571349143981934,0.7838386297225952,-0.07020385563373566,0.4284973740577698,0.7585234642028809,-0.10029684007167816,0.3878748416900635,0.7499574422836304,-0.13138064742088318,0.5226806402206421,0.7916713953018188,-0.07273536920547485,0.5057076215744019,0.7742795944213867,-0.10716308653354645,0.49181067943573,0.7718709707260132,-0.1322716623544693,0.47724759578704834,0.7794979214668274,-0.147626131772995,0.5550915598869324,0.7902503609657288,-0.06706341356039047,0.5610549449920654,0.7836769819259644,-0.09000684320926666,0.5644419193267822,0.7790961265563965,-0.10058140754699707,0.563256025314331,0.7798223495483398,-0.11136988550424576,0.5874906778335571,0.7964054942131042,-0.062312059104442596,0.6006931066513062,0.7892493605613708,-0.0823889672756195,0.6070228815078735,0.7860013246536255,-0.08454950153827667,0.6077385544776917,0.7888756990432739,-0.08688372373580933,0.6155019998550415,0.8034168481826782,-0.06071823090314865,0.6277254819869995,0.7912323474884033,-0.07105588167905807,0.6324861645698547,0.7863030433654785,-0.06710637360811234,0.6313403844833374,0.7871813178062439,-0.06586753576993942
Place,20260726_154005_185125,45,0.8017150163650513,0.41812747716903687,-3.287943570740026e-07,0.7379574775695801,0.4499771296977997,0.003587232669815421,0.6826520562171936,0.5374167561531067,-0.01129374373704195,0.6668171882629395,0.6315104961395264,-0.0279097817838192,0.6595103740692139,0.7057410478591919,-0.04681980982422829,0.6186771988868713,0.5107108950614929,-0.03203098475933075,0.5980216860771179,0.6341159343719482,-0.055245716124773026,0.585867166519165,0.7070126533508301,-0.06915099918842316,0.5752199292182922,0.7626882791519165,-0.08091295510530472,0.6530417203903198,0.5041441321372986,-0.04946930706501007,0.6481698751449585,0.658001720905304,-0.07590176165103912,0.6705988645553589,0.6378107666969299,-0.07811617106199265,0.6765713095664978,0.6005037426948547,-0.07988064736127853,0.698620617389679,0.5056359767913818,-0.06519722938537598,0.6962122321128845,0.6497389078140259,-0.0921185091137886,0.7139973640441895,0.6185144186019897,-0.07952924072742462,0.7155047655105591,0.5781925320625305,-0.06946764886379242,0.7459853887557983,0.5118538737297058,-0.07962405681610107,0.7352375388145447,0.6282273530960083,-0.10221336036920547,0.7496708631515503,0.6065962314605713,-0.0927247628569603,0.7562010288238525,0.569746732711792,-0.08359799534082413
Place,20260726_154005_185125,46,0.7990060448646545,0.41562825441360474,-3.173314269133698e-07,0.7368468642234802,0.4484306573867798,0.0035754619166254997,0.6831445097923279,0.5363441109657288,-0.011183667927980423,0.6680266857147217,0.6302647590637207,-0.027670176699757576,0.6604083776473999,0.7053527235984802,-0.04645253345370293,0.6191006898880005,0.5099368095397949,-0.0322897769510746,0.5979853868484497,0.6334289312362671,-0.055088359862565994,0.5857544541358948,0.70656818151474,-0.06850557774305344,0.5754119157791138,0.7620201110839844,-0.07984427362680435,0.6532701253890991,0.5041226148605347,-0.04959731921553612,0.6482443809509277,0.6576656103134155,-0.0754639208316803,0.6697480082511902,0.6384575366973877,-0.0776197537779808,0.6754773259162903,0.6020004153251648,-0.0793403908610344,0.698911726474762,0.505931556224823,-0.06511140614748001,0.6962887644767761,0.6486607789993286,-0.09162233024835587,0.7128398418426514,0.6175317168235779,-0.07930715382099152,0.7139723300933838,0.5774598121643066,-0.06942454725503922,0.7464110255241394,0.5126754641532898,-0.07929164171218872,0.7355865240097046,0.6278167366981506,-0.10200577974319458,0.7488457560539246,0.606226921081543,-0.09281916916370392,0.7551108598709106,0.5695374011993408,-0.08378514647483826
Place,20260726_154005_185125,47,0.7949983477592468,0.42867064476013184,-3.707273776853981e-07,0.7334156036376953,0.45445799827575684,0.007336340844631195,0.6791515946388245,0.5318443775177002,-0.0033905243035405874,0.6580797433853149,0.618697464466095,-0.016241054981946945,0.6482072472572327,0.6890420317649841,-0.031202632933855057,0.61777663230896,0.5131129026412964,-0.02799355797469616,0.5899165272712708,0.6316179037094116,-0.04747425392270088,0.5772362351417542,0.6986914873123169,-0.05830805003643036,0.5645909309387207,0.7488762140274048,-0.0673140361905098,0.6467064023017883,0.5091688632965088,-0.04415029659867287,0.6398974061012268,0.6560235023498535,-0.06451252102851868,0.6608363389968872,0.6700007915496826,-0.0664057582616806,0.6689139604568481,0.662874698638916,-0.06946564465761185,0.6866137981414795,0.5136286020278931,-0.05800033360719681,0.6860039830207825,0.6420239806175232,-0.07752738893032074,0.704581081867218,0.6192871928215027,-0.06626031547784805,0.7078331112861633,0.5858871340751648,-0.05887887626886368,0.7280258536338806,0.5241414308547974,-0.07055036723613739,0.7187474370002747,0.6290127038955688,-0.08679453283548355,0.735379159450531,0.6133636832237244,-0.07777395099401474,0.7422856092453003,0.5828837752342224,-0.0701121985912323
Place,20260726_154005_185125,48,0.7889108061790466,0.4316854476928711,-3.0542801709998457e-07,0.7272436618804932,0.4503101110458374,0.004082940984517336,0.6716293692588806,0.5235359072685242,-0.007534956093877554,0.6498550176620483,0.6061954498291016,-0.02115732803940773,0.6449607014656067,0.6742069721221924,-0.036021292209625244,0.6068142056465149,0.511699914932251,-0.02209392935037613,0.5839159488677979,0.621768593788147,-0.04289574548602104,0.5719433426856995,0.6838057041168213,-0.05606554076075554,0.559273362159729,0.7313281297683716,-0.06700282543897629,0.6359302997589111,0.509716808795929,-0.036752648651599884,0.6334463953971863,0.6491122245788574,-0.05897226184606552,0.6538973450660706,0.6317479610443115,-0.05993373692035675,0.6548181772232056,0.6011484265327454,-0.06106095388531685,0.675332248210907,0.5157532691955566,-0.05055103451013565,0.6751847863197327,0.6429442763328552,-0.07171093672513962,0.6934351921081543,0.6138852834701538,-0.0592389777302742,0.6935437321662903,0.5775964856147766,-0.05012128874659538,0.7161017060279846,0.5249181985855103,-0.06373044103384018,0.7079891562461853,0.6230274438858032,-0.08024849742650986,0.7248365879058838,0.6027069091796875,-0.07119089365005493,0.7308867573738098,0.5723927617073059,-0.06317055970430374
Place,20260726_154005_185125,49,0.7783438563346863,0.43769168853759766,-3.45605428719864e-07,0.7151608467102051,0.4534631371498108,0.0072193508967757225,0.6568242907524109,0.5166633725166321,-0.0007311333320103586,0.627302885055542,0.5890858173370361,-0.011264417320489883,0.616008996963501,0.6491679549217224,-0.023669732734560966,0.5999384522438049,0.5076848864555359,-0.018491607159376144,0.5719528198242188,0.6145511269569397,-0.039110176265239716,0.5610190629959106,0.6751850247383118,-0.05286083742976189,0.5535874962806702,0.7203903198242188,-0.06222206726670265,0.6258949041366577,0.5086975693702698,-0.03257690742611885,0.6129130721092224,0.6437042951583862,-0.051143571734428406,0.6295844912528992,0.6647409200668335,-0.054457683116197586,0.6384248733520508,0.666293740272522,-0.05759788677096367,0.6619038581848145,0.516272783279419,-0.04540303722023964,0.6568089127540588,0.6351442337036133,-0.062295254319906235,0.6741809248924255,0.6198658347129822,-0.053555961698293686,0.6803627610206604,0.5923522710800171,-0.04723391309380531,0.6997552514076233,0.5282222628593445,-0.05736688897013664,0.6877803802490234,0.6205920577049255,-0.06952027976512909,0.7021474838256836,0.609286367893219,-0.0610436387360096,0.7092870473861694,0.5843427777290344,-0.05375485122203827
